Filename,Label,Contrast0,Contrast45,Contrast90,Contrast135,Homogeneity0,Homogeneity45,Homogeneity90,Homogeneity135,Dissimilarity0,Dissimilarity45,Dissimilarity90,Dissimilarity135,Entropy0,Entropy45,Entropy90,Entropy135,ASM0,ASM45,ASM90,ASM135,Energy0,Energy45,Energy90,Energy135,Correlation0,Correlation45,Correlation90,Correlation135
1.jpg,Test,207.87912395900065,214.75557521767982,176.29910714285714,220.05700898871885,0.1092681133850273,0.10932581625862281,0.11850358302156025,0.10848934875988017,10.014894298526585,10.080958796677995,9.244334561178732,10.315972571336644,8.308151531991932,8.307965368573043,8.245122417347693,8.32037841386789,0.0005102684451512914,0.000516134940569303,0.0005528517658823066,0.0005190581422018596,0.0225891222749201,0.022718603402702882,0.023512800043429677,0.022782847543752288,0.9528337069951504,0.9513782869618934,0.959971631157966,0.9501779012817719
10.jpg,Test,357.60844410634206,235.5146091817652,252.96376521460598,421.3153290836333,0.09044299920264862,0.10656292566595103,0.09780891231441687,0.08310655812122454,12.874819827033953,10.563614792173583,11.1109865470852,14.044440869512758,8.035975619934934,7.932717396550287,7.966307785019475,8.072096594077218,0.0006039205709229738,0.0006729748780993885,0.0006375473032586618,0.0005815582068760277,0.024574795440104356,0.025941759348575195,0.025249699072635735,0.02411551796823008,0.7635398256603886,0.844731719158477,0.8326137193457426,0.7222378317888876
108.jpg,Test,162.91287636130687,170.6572221440206,186.98448510570148,230.36741136962337,0.18384392681084727,0.1644530947094321,0.18685043893953154,0.1629428707679603,7.223534593209481,7.8444569567053435,7.191243593850095,8.152566912666655,7.683167105177994,7.770142295866643,7.670256241218004,7.766706133103122,0.0009243392795456476,0.0008221974673443333,0.0009319585014297903,0.0008268161987106439,0.03040294853374665,0.028673985899144425,0.03052799537194983,0.02875441181298348,0.8945219950857117,0.8899252292872093,0.8789734647236034,0.8514109440537305
109.jpg,Test,505.4653867713005,828.779967423435,676.2411515054453,482.5810895051177,0.10970362906529685,0.09081744000215865,0.11109301452354292,0.09691046472782237,12.854720531710441,15.447264171811216,13.574791800128123,13.539282913390577,8.526005955769307,8.617078278781133,8.512432210114843,8.582110204797754,0.00032384328064487077,0.00028438598989385586,0.000332409720314205,0.000297530894509918,0.017995646158025857,0.016863747800944365,0.01823210685341124,0.017249083874511077,0.6744825792432992,0.46702027652288297,0.5665375179228028,0.6896648197843513
11.jpg,Test,1493.6222573670723,1479.2700838544913,742.948630685458,1362.2040660379257,0.07619987820408176,0.08012259297146057,0.08990544059966388,0.07785636100326922,21.46678811659193,20.96877073739669,15.873718770019218,20.783888676627317,9.196588828808759,9.17656229754423,9.051778240996775,9.202804215398919,0.00016647347565129533,0.0001707193829907371,0.0002023992199712236,0.00016810491900466797,0.012902460061991873,0.013065962765549928,0.01422670798080932,0.012965528103577886,0.5583686667666019,0.5627163996175326,0.7803228360910892,0.5973229557855433
110.jpg,Test,223.74389413837287,216.10209334593497,187.96656790518898,219.7358885157554,0.0941491645812066,0.09476210734919253,0.09889851313089332,0.09580978895774811,11.106642376681615,10.876651450863683,10.209000640614992,10.97110338032134,8.315467873784117,8.302156676836653,8.25774201648672,8.306722031331484,0.00042234050453970727,0.00042887237784936666,0.000444693401501444,0.000428396028212743,0.020550924663861412,0.02070923412029925,0.021087754776207068,0.020697730025602882,0.8922166900616105,0.8962508794566055,0.9094267799701576,0.8945062407985183
111.jpg,Test,508.11517056374123,611.9701984757386,503.0396780909673,462.2594663073861,0.12381522755637447,0.11537039351990183,0.14882427379575436,0.11481156060918227,12.071288436899422,13.143397212893886,10.619795003203077,12.24181061352531,8.485504389435548,8.536556413939396,8.312305525398578,8.516370718403468,0.0003542562455088211,0.00033189741806046363,0.00043474751456465475,0.0003347136634291093,0.018821696137936696,0.018218051983141987,0.020850599861026893,0.018295181426515268,0.6812500352435801,0.6164942679763157,0.6847251322645749,0.7103126978249593
112.jpg,Test,692.0175768737989,764.9779203281787,462.8123798846893,639.178065112912,0.0686233596808165,0.06305245092485505,0.08400854085687012,0.0680136194038542,18.062900384368998,19.19328761889441,14.95479660474055,17.94683182851053,9.096653975243205,9.138654742495936,8.950582187399059,9.098657745348369,0.00016235417038152917,0.00015433869756630356,0.00020030359830895697,0.0001642914934968766,0.012741827591893134,0.012423312664756674,0.014152865374508335,0.012817624331243158,0.67305030490797,0.6383034073812486,0.7813826529236895,0.6977853045268247
113.jpg,Test,334.6138893337604,468.62166944841033,382.22315422805895,452.0937883327635,0.11321242190326973,0.09979994756665496,0.12071300780777035,0.09943780854496188,11.667300608584242,12.75105069476563,11.113088565022423,13.088218142331437,8.242432560392217,8.287656579043212,8.180442600923646,8.317944678533594,0.0004172443245708064,0.000385871107299126,0.0004476997709601347,0.00037580852450408507,0.020426559293498413,0.019643602197639973,0.021158917055467057,0.01938578150356815,0.6908512097963669,0.5678104850535663,0.6497391140446295,0.5830476494514838
114.jpg,Test,135.26327274183217,173.8463874198154,98.55839606021779,171.357095457379,0.16465444492152098,0.13944653742455013,0.18071064275311252,0.13872828884587055,7.485045643818065,8.798668784813689,6.525484465086483,8.81029178145549,8.176493703262844,8.324290751140662,8.061754037879508,8.327805447544325,0.0004975718794462928,0.00042077059249743875,0.0005555886181163127,0.0004198253740970929,0.022306319271594155,0.020512693448141783,0.023570927391944354,0.02048964065319577,0.9281524896158844,0.9077776976037036,0.9476578704126521,0.9091017720828983
115.jpg,Test,426.28541399743744,474.8646866013795,263.6765094490711,419.815017394277,0.1323203076582265,0.119284796534127,0.14421199884846958,0.11747303835126616,10.863328795643817,11.813830963823927,9.65064461883408,11.635564761004645,8.033666990872065,8.102000911705579,7.984098904447994,8.107651356054454,0.0005914498386099597,0.000539821608217587,0.0006310311983424652,0.000537207346417272,0.02431974174636646,0.02323406138017172,0.02512033435968688,0.023177733849910176,0.5744956219045417,0.5226135525370702,0.7373513001804904,0.5779615148895039
116.jpg,Test,509.69446668802044,711.171590017897,557.3364029468289,682.3785517504876,0.1258651874136038,0.11882755546559402,0.142174588685042,0.11354680201699686,13.645339525944907,14.801544370488045,12.480661434977577,15.073236944237767,8.811757247620001,8.84327083543742,8.693190930145455,8.878363091770492,0.00035251029489270617,0.0003329089533881492,0.0004005631120161069,0.00031867588504360327,0.018775257518678836,0.018245792758555306,0.020014072849275505,0.01785149531674037,0.893669527416763,0.8519983811174888,0.883678494863902,0.8579906312028059
117.jpg,Test,647.96100256246,1120.3930704417944,774.7960241832159,820.0393532948581,0.10800260760494765,0.08323944735595808,0.10940706840576853,0.08792336974053262,15.07086803331198,19.58513141225442,15.286214766175528,17.77733314564942,8.995014576238063,9.18449857951671,8.971680887464696,9.140235364150248,0.00024459479659089,0.00019229907289570442,0.00024699360008285725,0.00020098012043308472,0.01563952673807267,0.01386719412482945,0.01571603003569468,0.014176745763153288,0.8176527543094303,0.6848400927675409,0.7813664095138707,0.7693377707462156
118.jpg,Test,374.7767456758489,375.7160811598866,302.2438741191544,393.7521164712743,0.1010238429897128,0.09242740852345643,0.11504973849215076,0.09170783212665867,13.197469570787959,13.51752498542098,11.634769378603458,13.823543606346398,8.553141350231506,8.577544661763856,8.440816414838704,8.595340155913014,0.0003230407405074279,0.00030561549407274845,0.00037279382056870685,0.00030044054969695084,0.01797333415110919,0.017481861859445877,0.01930786939485315,0.017333220984483838,0.758639331013415,0.7584887156141672,0.8053645937114936,0.7468854860262865
119.jpg,Test,310.22103219090326,336.9635021818255,208.57697389493913,395.77940437169457,0.15241231667997668,0.14538095076202795,0.1921612171633358,0.14433857965870214,9.645319506726459,10.24231333829355,7.429071909032672,10.64501598664763,8.499350461882806,8.554175409382779,8.26576187033625,8.563123767028943,0.00037846310036110007,0.0003547539110024757,0.00047219578072335723,0.0003515630154315111,0.019454128105908526,0.018834912025344736,0.021730066284375602,0.01875001374483526,0.8718203537358582,0.8608126132007053,0.9149599957720541,0.8365108935628732
12.jpg,Test,1731.6200152146062,1860.4103641738222,1124.1125480461242,1478.3533954030845,0.07461655756711928,0.073851975169213,0.08576838908591197,0.08167288978730425,25.128863709160793,25.830340445213054,19.83243914157591,22.52854471234089,9.487496914656866,9.503831234910646,9.349554427677038,9.416421615378049,0.00015040002944787277,0.00014706385194858225,0.00017251026071511677,0.00016339318219147828,0.012263768974009286,0.01212698857707808,0.013134316149503817,0.012782534263262441,0.7034697068334937,0.6817431150917332,0.807320164622377,0.74710292084651
120.jpg,Test,268.8810658231903,284.9693941161093,198.7463364830237,307.74278589957567,0.16001793492564018,0.14938230458259102,0.17754914868229604,0.147786876973717,9.833219891095451,10.329244505218284,8.482883568225496,10.59492449073981,8.27822900229143,8.331609997140792,8.172585211089348,8.34581994737028,0.0007066324831351228,0.0006582088481070753,0.0007731671684124895,0.0006527239529702655,0.026582559755131237,0.02565558122723154,0.02780588370134079,0.025548462829889894,0.923032469159614,0.9185969114574288,0.9430663724356235,0.9120916807700492
121.jpg,Test,177.12554051889813,130.9101329204287,121.26363308776426,220.67540067164032,0.1952409063327459,0.1734692709294018,0.2176359147232762,0.17061761486721086,6.471272421524664,7.077520159263207,5.673946989109545,7.534014357819382,8.054295036210357,8.196375371842931,7.965065970083713,8.2034348637393,0.0005127019151710434,0.0004406866980177973,0.0005652231074567011,0.0004397000315378641,0.02264292196627996,0.020992539103638637,0.02377442128542146,0.02096902552666347,0.8966884043091325,0.9235113401108359,0.9296777619448504,0.8710399687645698
122.jpg,Test,139.23254324151185,148.396307989302,111.90675048046124,159.90798125842065,0.17457100681484986,0.15901848672414978,0.18699142709483274,0.15672623768598312,7.108384048686741,7.585392829133905,6.445187379884689,7.779444589676044,7.47322909460129,7.53973730154518,7.4070869623582185,7.554595294229337,0.0011430163379650361,0.0010422661470063073,0.0012035994016138902,0.0010272975268884015,0.03380852463455092,0.03228414699208123,0.03469293013877453,0.03205148244447363,0.841101898963227,0.8311535404524616,0.8723458866346966,0.8180573159003475
123.jpg,Test,175.79970771941066,191.66367713004485,114.24571588725176,216.96277825815926,0.138751192196337,0.11938841545539097,0.16151400796166715,0.11149471379384807,8.894158392056376,9.768444971746867,7.271820948110186,10.446741338052245,8.207617336994367,8.295597040005502,8.036331460417813,8.348708417657003,0.0004142229262705908,0.00036625039516548533,0.0004973234025997437,0.0003453735029417164,0.02035246732636097,0.019137669533291803,0.022300748924638018,0.01858422726243188,0.8232844594787672,0.806624259673307,0.8857020123080191,0.7810899031326746
124.jpg,Test,76.88340807174889,85.43204166582879,57.76859785393978,86.47501457901828,0.1859808501301924,0.1691086737236672,0.20471077193882703,0.1709100197875689,5.902266175528508,6.346236602384926,5.127021941063421,6.361559653320999,6.966286955713598,7.021376615916813,6.85340915012038,7.023962936382627,0.0015414623871716341,0.0014337331494212353,0.0017251346686797543,0.0014325447015587256,0.039261461857292505,0.03786466888038552,0.041534740503339544,0.037848972265554656,0.6030943519699177,0.5586950356014534,0.70220817910528,0.5533256735304386
125.jpg,Test,222.83295964125557,237.37272014317597,185.8679532351057,229.62589233646364,0.14420084056374421,0.12912793270606443,0.15971333634536622,0.12700629190664053,8.916479820627803,9.481791308894206,7.904388212684177,9.484888093466587,7.653825616440985,7.7098361667827024,7.553107877127309,7.715397621946414,0.0008049958501481088,0.0007429196244247085,0.0009042745738022529,0.0007367030190438668,0.02837244878659769,0.027256551954066174,0.030071158504491526,0.027142273652807105,0.5141628307150021,0.48238196321782506,0.5964712612360576,0.49931693597103954
126.jpg,Test,542.6986106662396,612.2518651088901,452.2317424727738,570.159685495385,0.14691036475621205,0.13283984355683717,0.14734873002457402,0.13216374478770382,13.410373959000639,14.418608860021315,12.81390134529148,14.367129843753144,8.642265015815074,8.715394779921239,8.64252905340975,8.719454965232622,0.00042573441772519296,0.0003780311524987381,0.00041527975440663905,0.0003794387697186757,0.0206333326858555,0.019443023234536807,0.02037841393255714,0.019479188117544215,0.8483194923791759,0.8289888448999339,0.8732586959339539,0.8407465845072012
127.jpg,Test,280.4726137091607,303.69880753684976,165.22239349775785,300.34062619397133,0.09235745470422486,0.08608509754684071,0.11461410120083379,0.08552523502705159,11.949431454196025,12.627118984898148,9.354320147341447,12.591988578093268,8.298434637310503,8.337233499473522,8.115565223609238,8.336789686784227,0.0003539827205930633,0.0003354571004468786,0.00043087067460482754,0.00033656063029267283,0.018814428521564595,0.018315487993686617,0.0207574245657988,0.018345588851074606,0.6028186925841481,0.5688884550575758,0.7672538819068994,0.5736537326347805
128.jpg,Test,204.65546925048045,253.3862132759557,219.9841047405509,262.4102435198777,0.11617279084571462,0.09981209498298103,0.1135674845283322,0.10014261301926902,9.933776425368356,11.382995837438918,10.330837604099935,11.505459590983127,8.24577497922558,8.3474082559736,8.27610324750718,8.349476198117623,0.0004941847793356318,0.00043058650867249654,0.0004747829456957731,0.00043074886383302654,0.022230267189928956,0.020750578514164286,0.02178951458146264,0.02075449020894097,0.8962605593148982,0.8720255472076819,0.8884786665297392,0.8674685911099106
129.jpg,Test,265.4298126201153,320.3276760039413,233.31750480461247,227.66349614912826,0.13222081860592586,0.1260978147894476,0.1381099897097179,0.14200615990198687,10.093449711723254,11.029479780409819,9.53623478539398,9.314846467855777,8.053049683581925,8.120940158350134,8.01828044805939,7.988298462118134,0.0005714163928569377,0.0005365079858938931,0.0005873020787335729,0.0006103158954225097,0.023904317452228954,0.02316264203181263,0.02423431613917696,0.02470457235862442,0.8045342622642909,0.7647494094214736,0.8282201530618744,0.8328009202915878
13.jpg,Test,766.4746957078796,729.9777996742341,647.7431934657271,668.4283416115345,0.05892848392057269,0.06674888092824767,0.06594539865284865,0.06269548847923094,19.546885009609223,17.83792153471817,17.494314541960282,18.476924933137603,8.841607637521916,8.791726405910154,8.794624993467327,8.829144114530802,0.00024548730939293013,0.0002613095188513995,0.0002590391163729865,0.0002480861661627526,0.015668034637213762,0.01616507095101656,0.0160946921801253,0.015750751288835484,0.7191068126895325,0.7333171731005809,0.7626199120055961,0.7558033934387657
130.jpg,Test,200.92238549007047,312.1946148122827,258.0705877642537,218.1264855516902,0.16842675988055036,0.14260591506872958,0.1909584052416112,0.1435519667572377,7.822970051249198,9.130728548734139,6.973094170403588,8.783003881035212,7.88042102642734,7.991617646123239,7.712168627319638,7.999093854872637,0.0006045044915123644,0.0005233097042387526,0.0007216711435034008,0.0005200245901063846,0.02458667304684317,0.022875963460338728,0.02686393760235831,0.02280404766935871,0.7652784062218295,0.6347024938618007,0.7006122491634683,0.7447648889753522
131.jpg,Test,1115.891295643818,1045.148283697641,734.49483504164,1343.8227995736893,0.10896605156480657,0.09353470602506106,0.12360020873400193,0.09060401085930005,18.32150864830237,19.594663073860325,14.995275464445868,20.884031450461503,9.431064999055346,9.540657552600756,9.294015414801205,9.54109971796353,0.00013880838417180302,0.00012212140858167836,0.0001611252119138794,0.00012111209729728755,0.011781696998811462,0.01105085555880984,0.012693510622120242,0.011005094152131892,0.8394241730747684,0.8492273006962144,0.8942291892590696,0.806138220176939
132.jpg,Test,674.4352978859705,618.8014639345251,237.7728018898142,735.9828470309074,0.1902551328368804,0.17109178116866666,0.21768886547471927,0.1680092471985937,11.228939782190903,11.66144503207384,7.727198110185778,12.27277845924913,7.876298316455294,7.978378936539949,7.723667970854353,7.995638322358243,0.0008304306615452693,0.0007270072012067355,0.0009855984406785799,0.000712261794161339,0.028817193852720448,0.02696307106408199,0.03139424215805471,0.026688233252902652,0.7286284301074976,0.7516749717567528,0.9044846880495977,0.704650855055293
133.jpg,Test,551.0973934977578,783.4097609041002,500.1714045483664,756.4524522914195,0.1368244156391969,0.12094813037701253,0.1468057741225095,0.11928970097874991,12.192364670083277,14.061091113836994,11.270499679692504,13.971847412978343,8.204630884793055,8.282354025330985,8.134801221385995,8.293649730146043,0.0006368896411535215,0.0005140526294879849,0.0006393565753937361,0.000515179612881253,0.025236672545197427,0.022672728761399343,0.02528550128816386,0.02269756843543495,0.7123766580084273,0.5919038760793727,0.7386332257991127,0.6059440907688862
134.jpg,Test,2228.981161915439,2156.792455106678,1925.6530068866111,2044.231937099077,0.08428052093622719,0.08336558207365499,0.10341013999923923,0.0858301813401611,30.101357303010886,30.01508174304732,27.553110986547082,29.015825775704315,9.612694975419869,9.620061015193889,9.529990647153273,9.603089276577954,0.0004578726935962305,0.0004879759240406659,0.0005432912184422221,0.0004840519029253901,0.0213979600335226,0.022090177093918147,0.023308608247645805,0.022001179580317737,0.7804818586009026,0.7865307411510083,0.812194460223355,0.7976717245920006
135.jpg,Test,321.8048526585522,431.96255705926114,309.16059417040356,436.80602867542075,0.09996159200161417,0.08796160229116312,0.11557001509830096,0.08642556348951233,11.762131646380524,13.306360473767821,10.504804612427929,13.333769028132476,8.804231527905088,8.891202401545637,8.689745899709639,8.8926055861029,0.00021449322932334065,0.00019470144402573874,0.0002455754785965443,0.00019183808937639133,0.01464558736696281,0.013953545930183437,0.01567084804969228,0.013850562781937466,0.8701365459317656,0.8244238699863106,0.8768222382186749,0.82245389745141
136.jpg,Test,145.14882286995515,298.80832110036397,254.87105621396537,262.94739488025095,0.1730288204315893,0.1587923454630807,0.19052801527156757,0.15795618780315823,7.274103139013453,8.381527881115646,7.157090807174887,8.455247441130929,7.699320720902573,7.753387564029145,7.601556522616309,7.775645673851265,0.0008453104169624877,0.000792291970271912,0.0009455499845514725,0.0007778734975908703,0.02907422255129942,0.028147681436877035,0.030749796496098516,0.027890383604225855,0.8702709623044824,0.733289544236003,0.7732477757585143,0.7653028812699333
137.jpg,Test,114.97095211402944,233.30447022863922,170.22851937860347,174.46506062860703,0.1478385548767349,0.1335450048807917,0.17660224837215074,0.13400783334147295,7.2717208520179355,8.403868969816406,6.39796204356182,8.09115405497798,7.999628842365592,8.074752427681927,7.820286017311593,8.06524045732805,0.00048630806330002464,0.00044654786084295843,0.0005950916274883336,0.00045043811693730196,0.02205239359570803,0.021131679082433522,0.024394499943395716,0.02122352743860695,0.8944359639686713,0.7838529757084127,0.8456988576709675,0.8383691832272248
138.jpg,Test,204.98934977578472,280.29825655050377,184.02406310057654,224.72605521928853,0.1300907514807432,0.1233645584573826,0.1617952765097883,0.12589680230692646,9.60778347213325,10.415894146272798,7.793882126841767,9.773210802549821,8.051505640059473,8.097719316228053,7.85146549122145,8.062322286064825,0.0005046298241956096,0.0004741662326651732,0.000622854105860909,0.0004881449513310807,0.022463967240797196,0.02177535838201459,0.024957045214947002,0.022094002610008913,0.7106906358521647,0.6035518983832114,0.7415969472465404,0.6821296179465274
139.jpg,Test,181.7225736707239,154.5593114681574,157.41297645739905,184.2020752478433,0.11129290574280092,0.11177837045297785,0.11222038560826819,0.10762942611205759,9.4722133247918,9.185304349574695,9.088545003203073,9.63854089163265,8.132110471424012,8.122751135186153,8.106971189850928,8.145111090068454,0.0005514510778521629,0.0005558464467148315,0.0005591945381595798,0.000545766071573431,0.023482995504240146,0.023576395965347025,0.023647294520929445,0.02336163674859771,0.9096946777236695,0.923373550347759,0.9216935250089656,0.9086777753857446
14.jpg,Test,912.3549407431133,903.1891853847856,743.2425528507367,521.6080154437049,0.0857863532288215,0.08713792446225604,0.09374443356264853,0.09599364789629941,16.26873798846893,15.713105029258582,14.735706278026903,14.150596231575136,8.49362298504567,8.466649815022134,8.443529717038029,8.454990943166598,0.0003970593880952107,0.00040921668758026904,0.0004158384265422672,0.0004374141194021825,0.019926349090970245,0.020229104962411683,0.02039211677443681,0.02091444762364482,0.6294650000916985,0.6341352055896261,0.6979594612083145,0.7887076573779641
140.jpg,Test,197.07401105060856,320.8519576102476,256.79155989750166,261.9314484506023,0.15895236396334986,0.14482652399211224,0.16618666081549094,0.1428753366127066,8.604480301089044,9.627561382694205,8.290278667520822,9.488125640974081,7.8730094934732096,7.934916724511959,7.8024133836575595,7.945643621346058,0.0006594545449730395,0.0006023323887367218,0.0007029710565704899,0.000599341657062301,0.025679847058988486,0.024542460934810953,0.026513601350448224,0.024481455370592268,0.7632565737685298,0.6149418558869906,0.6926350144188829,0.685675217819887
141.jpg,Test,188.52142056374117,353.11669247320475,308.79432254964763,317.0788473526514,0.1520290346126834,0.13449500665973466,0.1634241063860516,0.13503547254706433,8.462403907751439,9.982263870176356,8.612828315182576,9.816364696655874,7.913267626423855,8.000733918653676,7.851033992983543,7.997863254221708,0.0006092491969741303,0.0005486354917954009,0.0006603282216270347,0.000547723431858725,0.02468297382760291,0.023422969320634836,0.025696852368082647,0.023403491873195438,0.7628513065750655,0.555273087610016,0.6118175418085159,0.600659377994473
142.jpg,Test,625.3981622357462,765.6795431237307,599.825452434337,690.8059281304672,0.10301804017602009,0.09154722545611162,0.11226928231542686,0.09075313085723781,14.96742873158232,16.56799855215267,13.907130845611787,15.981580164491545,8.730483527838983,8.79735493508546,8.646183444637375,8.784974830838465,0.0002661150957321335,0.00024285501414731943,0.00029402024790692083,0.0002455630901375298,0.016313034534755744,0.015583806150851576,0.01714701863027275,0.015670452773852126,0.6145664004674062,0.5285150799637099,0.6301329456879792,0.574621330817492
143.jpg,Test,311.3212083600256,332.55977397494416,136.71332479180015,287.49962798367153,0.10616068173852247,0.1005517615042296,0.1420622548584402,0.09946780563392255,10.60492072389494,10.99255967342999,7.96400544522742,10.907619296587503,8.359686065917638,8.383348172436333,8.164251375537294,8.391288261256985,0.00036577635349923114,0.0003528921845788638,0.00046033401706894225,0.0003516442941046531,0.0191252804815833,0.018785424791014544,0.021455395989562677,0.018752181049271392,0.8206640019119076,0.8061839641926744,0.9222943916517139,0.8324496697445416
144.jpg,Test,293.7284593209481,427.1147016831225,333.50340326713643,384.2273723581813,0.10481608841269188,0.09419810426273532,0.11803312686825523,0.09533776810575958,11.808576233183857,13.20953568340405,11.160514093529788,13.032616782963663,8.289819626019376,8.351982824091863,8.221237979733516,8.352720665341584,0.00040740925029219595,0.0003753722076467703,0.0004473921806702532,0.00037369042654429384,0.0201843813452926,0.019374524707635288,0.021151647233023086,0.01933107411770732,0.6534076397762776,0.49571202099394696,0.6086188075031006,0.5463862239225249
145.jpg,Test,636.5736907431135,645.4246415572403,513.1585522101217,644.7246676989281,0.062308487220317926,0.059427439089635166,0.0717191300212372,0.05955120682533404,18.50150144138373,18.851937501256813,16.528907751441384,18.90387902431177,9.001078986173209,9.012844701091929,8.92574253654069,9.012765702848908,0.00017722771387758385,0.00017305968309426747,0.0001941171259835451,0.00017242421326917921,0.013312689956488277,0.013155215053136436,0.013932592220528997,0.013131040068066932,0.5673972821407308,0.560052743141134,0.6515951399180442,0.5605248676931602
146.jpg,Test,845.921164317745,1638.2985581853645,1394.280549327354,1275.278268213718,0.14154763373243898,0.11856276901499205,0.13283476056523064,0.12385533307273391,15.184296925048045,21.144985823161534,19.456678411274822,18.49385670333206,8.416928776915901,8.577633432053041,8.51537212936023,8.528681900678443,0.0006235468352629414,0.0005272505067716171,0.0005845337661246405,0.0005487384043442301,0.024970919792088986,0.022961936041449492,0.024177133124600205,0.023425166047313945,0.7408994451257778,0.49965151737909747,0.5731457749165422,0.61052169123174
147.jpg,Test,398.66453795643815,383.10400370005436,336.7753843689942,458.47370749462095,0.09216001122999203,0.0875841082234253,0.09411095133670308,0.07812141155244992,13.312960442024345,13.470389511150437,12.516295643818065,14.870779625570595,8.74819221613097,8.7623260940415,8.709085864826513,8.84235244363146,0.00024846061540026535,0.00023795423365406056,0.0002529893063131766,0.00021669824314138282,0.015762633517285917,0.015425765253434287,0.015905637563869503,0.01472067400431729,0.7679684196476123,0.7773304444916674,0.8041501757635628,0.7335086939630371
148.jpg,Test,1497.2865751121076,1771.6399083030026,1426.8281149903905,1746.234531158881,0.09642408059142739,0.09076857384742006,0.10257225460735574,0.08948941091135215,22.831578315182576,24.61258018460054,21.77718609865471,24.576424219268436,9.547741862390096,9.600766370549806,9.501308545988636,9.600349952220732,0.00014504635532750775,0.00013326123707448263,0.00015049781711006308,0.00013493472856104162,0.012043519225189444,0.011543883102079761,0.012267755178110748,0.011616140863515801,0.7989460505490811,0.7617832444699985,0.8084430486263093,0.7651964373436801
149.jpg,Test,196.63555012812301,194.38367954312372,69.45257447149262,193.98570250759113,0.1967897836574464,0.18388460326882752,0.23638647566386162,0.19289512953673155,6.514353779628443,6.80697379798508,4.744054292120436,6.571638279474754,7.219533156678556,7.267111437954179,7.022662613194301,7.229140492961513,0.0014266420379195036,0.0013426142978136418,0.001719574398084557,0.0014037101824256914,0.03777091523804399,0.03664170162279096,0.04146775130248272,0.03746612046136738,0.697342219674941,0.6931567340340811,0.8911984280004117,0.6938005745741627
15.jpg,Test,675.8020099295323,1161.201069798307,1148.4854460281872,1241.9102736833638,0.0798037686647599,0.0694948507285288,0.0697334116033206,0.06758729499469253,16.567624919923126,21.62685756801866,21.793982222934016,22.377244666090206,8.90006658329033,9.061047835829742,9.06763313646292,9.079536880429927,0.00024283521982512571,0.0002131620143024415,0.00021440526050428015,0.00020861788947938804,0.015583171045237414,0.014600068982797358,0.014642583805608905,0.014443610680137707,0.6631364732961792,0.42109199163659317,0.42686809436486184,0.3808583394664153
150.jpg,Test,432.31378122998075,466.1762351947555,418.9457078795644,556.2629049448007,0.10910710851054761,0.09991817552357925,0.10880274454257198,0.09259315685781291,13.889694106342088,14.631703834784533,13.66047405509289,16.282611755715976,8.951677903208076,8.99840816514864,8.92963268887285,9.076565435543602,0.0003937436248856558,0.00036061669131366947,0.0004008266177041812,0.0003613657895325531,0.01984297419455198,0.018989910250279476,0.020020654777109095,0.019009623603126736,0.8528071060221553,0.8415353507824501,0.8574766974210419,0.8109138000264535
151.jpg,Test,225.05491271620753,254.20402581994406,110.85089686098654,226.86148927185346,0.16260174650268613,0.15261204710684947,0.19626178966802665,0.15680502489737463,8.611406950672645,9.213014538800298,6.412155669442665,8.952502563896317,8.372134272352795,8.437038637018144,8.146499719084398,8.412584921580844,0.0004526530767422696,0.0004202034614572313,0.0005488152194332055,0.00043447494509505334,0.021275645154548654,0.02049886488216436,0.023426805574666074,0.020844062586143165,0.9137534651161359,0.9026998416096337,0.9575400042414403,0.9131584661211998
152.jpg,Test,1015.8737387892378,821.1936897987089,551.8936579115951,1153.0065957489594,0.10907783438122616,0.10464791817575873,0.1345303065480774,0.10072524659137587,16.701853779628447,16.190934866979028,12.848574631646382,17.836534014357817,8.623468885202778,8.644922194206876,8.476630383498657,8.661462335895079,0.00044848347494953273,0.0004403116434439701,0.0005423590294985557,0.0004232888160645636,0.021177428430985967,0.020983604157626738,0.0232886029958552,0.020573983961901098,0.7293212763798013,0.7817056053493004,0.8527578568322574,0.6935020623502397
153.jpg,Test,1228.2139654067905,1486.1448249512355,743.4969770980141,1127.8670594622856,0.1154895180918891,0.100310866993988,0.1517468021705913,0.10694716247602673,19.904428251121075,22.712743067425446,14.791299647661754,20.0813006495204,9.51027906305917,9.621710376059943,9.281689101333797,9.558505587402134,0.00019447681625738028,0.00017010716452736863,0.00025543620209802435,0.00017815516846870978,0.01394549447876913,0.01304251373498869,0.015982371604302797,0.01334747798157801,0.874622507440064,0.8477423049888075,0.9246272587989831,0.8844484517433363
154.jpg,Test,270.30265054452275,297.2175792796959,252.51585522101217,207.0664401053711,0.12325535030085961,0.1151586102976664,0.1413789352748741,0.10950704389160464,9.790158552210121,10.11649138329747,8.696708840486867,10.189125057813348,7.944911679274836,7.965106782520749,7.832558634895417,8.003461996018334,0.0005565019709119344,0.0005294680801224179,0.0006328587054719231,0.0005054742923136796,0.023590293997997024,0.023010173404875024,0.025156683117452568,0.022482755443087477,0.5661332355111006,0.5220622782266424,0.5970565823332947,0.6670279385767612
155.jpg,Test,106.5929892696989,122.42017736129824,84.23734785393978,124.84882060769371,0.16069071232717214,0.14811516576271627,0.18121530632729452,0.15002422232775242,7.036935458039718,7.657765086770295,6.119274503523383,7.577489995777112,7.746694352165888,7.819313009586242,7.6236003986866745,7.807364628693129,0.000708863364371116,0.0006472677682105364,0.0007995870702754851,0.0006523133137037195,0.026624488058385572,0.02544145766677956,0.02827697067006091,0.025540425088547754,0.8456604857908724,0.8222075162736198,0.8776607286763161,0.8187053536449976
156.jpg,Test,431.84046684817423,508.6648836694887,331.07006726457405,385.581813428784,0.07107566217641587,0.07237734268337116,0.08844273808586095,0.07226914149756594,15.190122517616913,15.908745400068373,12.659152786675207,14.610790484425586,8.4896974426248,8.506903205112573,8.376821207429613,8.474160459495728,0.0003380986377928577,0.0003350978163618702,0.00038684037701177114,0.0003408710283840045,0.018387458709480702,0.018305677162068334,0.019668258108225322,0.018462692880075876,0.6496763467153671,0.5883724620120092,0.7312981421823324,0.6879748285838798
157.jpg,Test,511.6571708840487,599.6389832894286,516.1449591607943,703.3323010718091,0.10338604674989682,0.09843266655145165,0.12888747928338504,0.09492565598781312,13.69925128122998,14.295340746847916,11.938440903267136,14.933016951879186,8.60976787707267,8.622231367470878,8.455302639025959,8.642058550447734,0.0003387887621956925,0.0003260305940341881,0.0004127216451945052,0.00031819448076312766,0.018406215314281545,0.018056317288810256,0.02031555180630113,0.01783800663648065,0.8905898562861324,0.872237313289403,0.8896357307442018,0.8501435422420706
158.jpg,Test,431.2045763933376,280.99207705765247,300.5793762011531,486.01148223370666,0.09069694865156815,0.08832182404575882,0.11758082681570298,0.08331588944006288,12.97019138372838,12.272134971545777,10.070047245355543,13.872730197671379,8.37357459313444,8.36356679972423,8.167049027768586,8.419918592469074,0.0003426237217838029,0.00033835967913251844,0.00043200605348591407,0.00032482475819682686,0.018510097832907392,0.018394555692718386,0.0207847553145548,0.01802289538883325,0.5162624311069346,0.6844692181181264,0.6642780255181663,0.4542554559199633
159.jpg,Test,127.96008167841127,145.842325403688,99.90072469570788,146.9792475215669,0.15895794411361172,0.14529474481145205,0.17278182236296624,0.14562978898833062,7.555813581037796,8.222867944257878,6.693605861627162,8.26131633453317,7.910275884075338,7.98262538361944,7.816011829385218,7.987007918315249,0.0008072445656093782,0.0007440686460651722,0.0008836564059216259,0.0007390764776110671,0.028412049655196968,0.027277621708374288,0.02972635877334501,0.02718596103894558,0.9349998228614825,0.9261189684140464,0.949195685032497,0.9255429645028657
16.jpg,Test,216.2260369955157,204.59894628888577,160.59062700192186,214.47119387077962,0.09390950413647899,0.09851790421306221,0.10608045764334739,0.09700593663395178,11.050948910954517,10.674395222103804,9.591307655349135,10.910213356391642,8.406964543971592,8.377195700173209,8.293448619282191,8.399171450083795,0.00034829400349896443,0.00036026428154429987,0.00038697904312290983,0.0003532456052770039,0.018662636563437772,0.018980629113501478,0.019671782916728973,0.01879482921648941,0.8428592179922065,0.8515869487267045,0.883231028410811,0.8444247003637693
160.jpg,Test,200.15566944266496,374.37816967966376,280.62634128763614,291.6552514629291,0.11728814233382318,0.10477841877428902,0.13857515809517928,0.10504419831846673,9.62359865470852,11.125057813348347,8.696848975016016,10.596754408896217,8.235698527619178,8.304491832468342,8.088883141509672,8.288204625312456,0.0003835775153243847,0.0003528778293903238,0.00045340552074129545,0.00035808209070046376,0.019585135060151734,0.018785042703979245,0.021293321035979695,0.01892305711824767,0.8109044211803839,0.6436582510639814,0.7372252898689872,0.7223916572207172
162.jpg,Test,91.55805573350418,116.54141446640793,86.16696028187059,108.09624162963263,0.1967984074418369,0.17530624131070266,0.20218002269521776,0.1814750241596348,5.834961563100576,6.628566832230691,5.638052530429212,6.448350057310624,7.31157827162592,7.4176324640495785,7.2907598439679795,7.400248634546669,0.001249528342852957,0.0011096645659446852,0.0012743385555963323,0.0011336419767073436,0.03534866819065404,0.033311628089072516,0.035697878866906535,0.03366960018633045,0.8846163439815153,0.853507408837353,0.8915620591303617,0.8641231342517879
163.jpg,Test,338.2554051889814,257.7583502584006,286.74133167841126,370.82617788413205,0.11341982226065657,0.106684820592148,0.13468165739439356,0.10682140608637801,11.064181614349774,11.098051438798288,9.585582158872517,11.430131311709467,8.39050905312478,8.420065357123299,8.258363338554945,8.406416983247885,0.00033774295521009584,0.0003202313000497769,0.0003965427967158532,0.000327197610206765,0.018377784284567492,0.017895007685099686,0.019913382352474758,0.01808860442949552,0.6968482252217852,0.7680123796195906,0.7448616213291956,0.6662505087858583
164.jpg,Test,1902.6836563100578,2020.4540610106776,1562.553811659193,1914.639164270345,0.12755261554510036,0.12293774332071962,0.13700630821863966,0.1214490283421114,26.671364509929532,27.510868909489428,23.501841768097368,26.912566108307026,9.094176813612194,9.11342128874274,9.008137932353803,9.11254210914269,0.005408196152419072,0.005017816525753785,0.00551325897621486,0.005036596145150431,0.0735404388919394,0.0708365479519844,0.07425132306036614,0.07096898016140876,0.6250624504350176,0.6006267661874926,0.6922412948576669,0.6215612474293191
165.jpg,Test,244.07531229980782,278.9862052323594,166.9365390775144,292.9564841440608,0.12231064475536196,0.11403678519159915,0.1416959118077756,0.1112676091037722,10.85902466367713,11.768806933580002,8.928131005765536,12.002111444026625,8.582020101139907,8.646898596460549,8.423000912511158,8.661592377005672,0.00027968012809273204,0.0002592898853538476,0.00032695004276494925,0.0002562864159769195,0.01672363979798453,0.016102480720492963,0.018081759946558,0.016008947997195804,0.8632904824245495,0.8434571894045687,0.9063264036922021,0.8356155963078854
166.jpg,Test,438.71504644458685,358.00480604878436,377.23946989109544,486.76176878682463,0.09767090651723592,0.08840350902431436,0.10812667331381144,0.08701444046444773,12.938581037796283,13.312252408051641,11.719130365150544,13.884534175229746,8.717443478663927,8.769415125487804,8.635435659713648,8.779194917383677,0.0002553835009604095,0.00023689720653170574,0.0002805133270668862,0.0002353929445213156,0.01598072279217713,0.015391465379609108,0.016748532086928877,0.015342520800745737,0.7524178535381397,0.7974451160010154,0.7881520042047564,0.7245663563931654
167.jpg,Test,304.6681414157591,367.7905648615497,203.13452914798205,305.77321080254984,0.11554315075871183,0.10158960250533462,0.1240573503696115,0.1008237701461124,10.50542520819987,11.677471897685455,9.5347533632287,11.534557300569084,8.32045890517585,8.400186749469436,8.259759885617814,8.408957698507285,0.00036037037901035863,0.00032466442489383784,0.000385881336537913,0.0003216706604331057,0.018983423795784538,0.018018446794711186,0.019643862566662215,0.017935179409002456,0.7340385027336914,0.678109903367296,0.8229123126265017,0.7323830852037144
168.jpg,Test,112.11190743113389,123.60469746023448,92.26645579756565,144.29727120995796,0.21097782983567573,0.1919871645328174,0.20766690042508065,0.18525308770516455,5.973854900704676,6.466528584930322,5.746196348494555,6.883488507711796,7.161214365766744,7.2393132754540375,7.174127568534779,7.278771412135904,0.0016092582928297907,0.0014599740297008715,0.001567445851476739,0.0014095489026321485,0.04011556172895739,0.038209606510678326,0.03959098194635666,0.037543959602473316,0.9423233109248389,0.9366532345265256,0.9525348857877045,0.9260481696799051
169.jpg,Test,354.1950072069186,401.0941502945967,279.3918962203715,349.9151400591204,0.09037734433565672,0.08070176060565647,0.10384577926188397,0.08704697329520834,12.987888372837924,14.084799613907379,11.592248558616271,13.306802871563875,8.528917108502176,8.59265144140556,8.446668368528908,8.553350345272055,0.0002950253768281227,0.00027135006339924534,0.00032644547445881167,0.0002832317114237864,0.017176302769458935,0.01647270662032337,0.01806780214798722,0.01682948933936459,0.6665883587757011,0.6219629974298801,0.7372107444264978,0.670212890153415
17.jpg,Test,105.3982022741832,93.68193609362746,88.24089125560538,109.80291178185766,0.14454121999107664,0.15304350371644346,0.14990570945154041,0.14743361934611945,7.246256406149904,6.739467916105291,6.742252562459961,7.221681513804822,8.252687279416696,8.18930325815749,8.197509192964631,8.241019613907746,0.0003820181227277354,0.0004090229936278559,0.00040004732217496384,0.0003934692479376288,0.019545283899901157,0.020224316889028808,0.020001183019385724,0.019836059284485636,0.9487008069955973,0.9544255288834647,0.9570646733851679,0.9465826806398229
170.jpg,Test,181.34290919282512,165.8640833316576,101.38016495836001,224.46878079189207,0.15482904263055752,0.14909704517857342,0.18280683407572826,0.13616909819330747,8.290578955797566,8.154979991554224,6.443545803971813,9.39447807114561,8.124334262898305,8.118908787309094,7.930425283266691,8.231903362483864,0.0005452525824535308,0.0005322196260497569,0.0006533009357144293,0.0004786939804421458,0.023350644155002036,0.023069885696503936,0.025559752262383714,0.021879076316018136,0.9095238953509622,0.9175331671738313,0.9494369521979752,0.8883963549070724
171.jpg,Test,459.9969971172325,480.25990870518206,318.5871836963485,495.56512296647827,0.0783802547029437,0.0732537328671363,0.09808529724823156,0.07379859897997283,15.188941383728379,15.75436867823604,12.331618353619474,15.879708017454604,8.751919495673983,8.782151187586628,8.583432866636018,8.78335640927435,0.00023892591756760417,0.00022892845940596578,0.0002919622985407439,0.0002292165741055365,0.015457228650945298,0.015130381998018616,0.01708690429951382,0.015139900069205757,0.6306230022626254,0.6136613219584405,0.7433634698537529,0.601342473771825
172.jpg,Test,357.0663436899423,405.563655010155,265.15723094170403,343.4767640612117,0.1422296862055549,0.1283446994445234,0.15512002680795575,0.12849971344746774,10.492993273542602,11.296326087393673,9.102017937219731,11.108930402783084,8.093231567625033,8.154659772204571,8.00483142620947,8.156766191552553,0.0007420514549188233,0.0006858524931485506,0.0008111801182434306,0.0006749253640690435,0.02724062141212684,0.02618878563714917,0.02848122395971477,0.025979325704664536,0.8958207539570682,0.8820848523383675,0.9225821094766794,0.9001362431213902
173.jpg,Test,1986.609465086483,2761.9137123207784,1946.3603259128763,1981.3716543666671,0.08694803682802328,0.0811785642984123,0.08285335450251068,0.08561009502083977,24.45339525944907,29.458846950471553,24.53181053811659,24.11797944861147,9.122711574101196,9.20134171277789,9.139799568563959,9.112872977712192,0.00026701181660980066,0.00024702469095380793,0.0002562980560633532,0.00026239424542206396,0.016340496216755495,0.015717019149756355,0.016009311542454073,0.01619858776011242,0.44083462966891057,0.22336970310105006,0.4515803558801786,0.4428518374957227
174.jpg,Test,226.41361707238948,256.99179553178226,189.23226297245353,266.5956283054153,0.11633723759309919,0.10501069558050828,0.1277455346561875,0.1018763592509167,10.385510089686099,11.208288925978806,9.441864189622038,11.525307164833393,8.261622123652044,8.32073438543674,8.182677572596688,8.347310103459893,0.00039664519322277767,0.00036550938437676493,0.0004317457539506985,0.00035492779075098834,0.019915953234097977,0.019118299725047857,0.020778492581289398,0.01883952734945833,0.7575569253114257,0.7247432091830043,0.7978560206768407,0.7144547654416245
175.jpg,Test,227.22823910954514,309.65137042771823,193.58680333119796,302.2719539906292,0.14430084986724923,0.1209494481077926,0.15731831909010133,0.12098546039779189,9.97911995515695,12.042289207504675,9.16043401665599,11.943855697882523,8.621264901631976,8.77067452410046,8.54802876014795,8.765762203998852,0.00030425007975625856,0.0002598404371622202,0.00033485401109985513,0.0002612573549268457,0.017442765828739965,0.016119566903680143,0.0182990166702983,0.01616345739397502,0.9248854390066485,0.8975402172664271,0.9359998055776133,0.8999813972932618
176.jpg,Test,223.28533392056374,277.52494520300024,175.9338364830237,188.8543706891351,0.11209687011313134,0.09842720889472777,0.12963266421241362,0.1039868155340306,10.037175688661115,11.296386414365863,8.604920723894939,10.262281566088197,8.176823438227629,8.26698011641921,8.039538626235615,8.21105583561487,0.00041208382116017793,0.00036847100130259756,0.0004750749059904684,0.0003890140848463726,0.020299847811256565,0.01919559848774186,0.0217962131112372,0.019723439985113462,0.701585475745769,0.6292924053131018,0.7648320432199086,0.7477431972784274
177.jpg,Test,152.07020739910314,325.11914577007377,264.9833039718129,264.5851314122544,0.14065071598041373,0.12002414363470586,0.14735839734633324,0.12260636616006934,8.223874919923126,10.038166864405076,8.435898462524023,9.504635122363208,7.842304329612229,7.94177833345844,7.806852423356072,7.9158790400908075,0.0006434524356707231,0.0005737690006999149,0.0006761882582808005,0.0005845386270769901,0.025366364258023324,0.02395347575405112,0.026003620099532304,0.024177233652281024,0.8335303865266374,0.6390683622269571,0.7141255426888579,0.7062536132113121
178.jpg,Test,780.0611186739269,1578.4129381246353,1552.897561659193,1234.4590882583602,0.12979685646615238,0.10788694973090274,0.11320911984751322,0.10829615873696255,15.663456918641895,22.07301574533974,21.63799247277386,19.457258340203904,8.830217472530338,9.039581898035893,9.003349906780358,8.974146280903717,0.00042977136494340147,0.0003531067036639477,0.0003704360959102417,0.0003632180132257231,0.0207309277395731,0.01879113364499193,0.019246716496853215,0.019058279387859835,0.8053520320168867,0.6071840357828038,0.6125019511660527,0.6927859891763802
18.jpg,Test,255.2654948750801,198.76106497214903,193.76275224215246,275.683605139858,0.09724920830796466,0.10670627333857025,0.11128326231213267,0.09589681527424473,11.20279468289558,10.023225884292867,9.594790999359386,11.566249069959179,8.472920705866633,8.38462553982345,8.337774345327881,8.495367023929926,0.00030627696951661675,0.0003365327286586091,0.00034915184977321985,0.0002985260527915229,0.017500770540653823,0.01834482839000161,0.018685605416288224,0.017277906493308817,0.7985493656687793,0.8433037763392477,0.8470857359091244,0.78266278716002
180.jpg,Test,233.97597693786034,397.998954332482,353.5480060858424,417.14518691306887,0.12034791257159524,0.10691816419997412,0.13432167891055652,0.10530364501836498,10.022341447789879,11.593516861388727,9.997117232543241,11.841239518188583,8.340920413969297,8.414004659890027,8.27038372214093,8.425300183197006,0.0003756370770007112,0.0003419836565887325,0.00041109131646585725,0.0003419424106948992,0.019381359008096188,0.01849280012839409,0.02027538696217306,0.018491684906868255,0.8151968240764799,0.682506063809356,0.7225281613448777,0.667234242093163
181.jpg,Test,2216.377202114029,1642.2916406925535,1731.8935578155028,2656.1140179774375,0.07297904072115871,0.07543049075774874,0.09879689598644939,0.0703979219718039,27.042520819987182,23.599247923746706,22.29582399103139,29.71352731806391,9.274132483215395,9.225519444327258,9.098897150452325,9.302247978232916,0.00016993992804520904,0.0001776371685667448,0.0002169196858837142,0.00016578665714833286,0.01303610095255514,0.013328059444898377,0.014728193571640557,0.012875816756553072,0.3382048478423341,0.51026165624306,0.4833758916653731,0.20793661057784868
183.jpg,Test,516.9977578475336,475.4201170343261,337.9275104099936,439.197932795753,0.14475371926840633,0.1328376822595046,0.1669446194304719,0.1344386006519304,11.42100416399744,11.368316274206197,8.99501521460602,11.356110116833237,8.310047885894434,8.330920579722394,8.131737007396556,8.343019351506106,0.00040414678937391685,0.0003822815014211066,0.0004783856595861816,0.0003805548350812233,0.02010340243277035,0.0195520203923049,0.02187202916023526,0.01950781471824108,0.6061558287640448,0.6373756092058956,0.7430570326116552,0.6650031597981045
187.jpg,Test,1605.2292000320308,976.0674857728891,2056.5860025624597,2988.604194735466,0.13448596159490836,0.12337949759034676,0.13794804989765225,0.10543784888323293,19.774723734785393,17.4955056405719,22.026865791159516,27.63892296245652,8.678700887554617,8.746189502784748,8.677771141346042,8.845829457093346,0.0004627664851659258,0.00047213082867880263,0.00045217716342730663,0.0003676088812471803,0.021512007929663977,0.021728571712811742,0.021264457750605977,0.01917312914594747,0.5082953565448117,0.7014619411463154,0.36984677239176833,0.08591044906533515
188.jpg,Test,436.40280669442666,390.4507631361982,324.9954956758488,525.9058899233847,0.11254766181894985,0.10703780339534594,0.1381473866969434,0.10193741591753758,11.963905349135171,11.685294295079329,9.699051089045483,13.021013895312596,8.109838919745172,8.108346291826205,7.938996092065066,8.160368711217806,0.0005048504475891988,0.0004941438026547734,0.0006142035046790338,0.0004689233538760031,0.022468877310386444,0.022229345529159724,0.024783129436756646,0.021654638160819105,0.4784512230170121,0.5327666931562768,0.6116045746676524,0.37076926673884414
189.jpg,Test,199.1732062780269,221.29147982062779,122.07819506726459,195.12974320818833,0.11256222816098632,0.10981356690297461,0.15900831143428726,0.10693507832702795,9.575192184497118,9.868688290534697,6.803090967328636,9.995314605159965,7.946309973343369,7.963973011842042,7.655300197134013,7.986220471059306,0.0005213493102000599,0.0005075851115863237,0.000722781273930725,0.0004931448028438408,0.022833074917760418,0.022529649610820043,0.02688459175681723,0.022206863867818904,0.6806122824878316,0.6453626694337744,0.8058159143014612,0.687317849373929
19.jpg,Test,139.96432575272263,133.13466991091718,124.96334481101857,149.76534818717448,0.12212994139360193,0.12842034782355935,0.12539419264205337,0.11612981050963969,8.398342408712363,7.991634659856422,8.034332959641256,8.864666492388748,7.820825778898318,7.770404695548996,7.793551230190844,7.863642768082457,0.0006206701146104746,0.000653269045763278,0.0006349593367480315,0.0005950369201720836,0.024913251787160876,0.025559128423388738,0.025198399487825245,0.024393378613305775,0.8137561365225575,0.8227190538886829,0.8340254250435236,0.8005637286860535
191.jpg,Test,217.39449871877,273.8430292183636,173.3757206918642,296.23372679925194,0.14305616272231833,0.11625028305943766,0.14698168476306625,0.11135456907271175,9.240791159513133,10.867139898248507,8.567905188981422,11.407166844296086,8.491712715472822,8.646125589374986,8.44966172337322,8.6829545558518,0.00035768562676030615,0.00029422819021694463,0.0003720037042735914,0.00028174625268852617,0.018912578532825877,0.017153081070669044,0.019287397550566313,0.016785298707158183,0.9310815135313014,0.9133588861166145,0.9450843461112376,0.906271798163786
192.jpg,Test,602.1598934977578,517.7586720022523,512.9696308456118,708.9071768987915,0.16609382643002382,0.16882139094155962,0.1896514065983319,0.1563956935138412,12.887712203715566,12.252548814574997,11.54926729660474,13.965392426954093,8.755189410517787,8.748978180972411,8.656904720325887,8.808580271439883,0.00044073861195023976,0.00043627581360668573,0.00048600347877844857,0.00042017252703685645,0.02099377555253556,0.020887216511701258,0.022045486585204884,0.02049811032843897,0.8811742488659242,0.8975372114423597,0.8985414202097118,0.8596966564418468
194.jpg,Test,461.9335762331838,509.1864103440649,314.25442424727737,470.1305274588269,0.09932251763359856,0.08678496065528643,0.11733944237823923,0.09098751918575321,13.645259449071109,14.59673429990549,11.542901185137731,14.241167125821956,8.576589070001026,8.632204872495494,8.453781148691249,8.619625827172852,0.00031002776759218636,0.0002851338749982152,0.00035765256330895083,0.0002904936171532464,0.01760760539063124,0.016885907585860324,0.01891170439989349,0.01704387330254618,0.6628072066383277,0.6280957576922961,0.770696086248466,0.6566284533041163
197.jpg,Test,749.2207519218449,1027.9027529208308,956.6415959320948,987.3928693518872,0.09248995248239071,0.08307635901472986,0.09942356302078692,0.0838784589743548,17.171784913516976,19.49538498662752,17.91413757206919,19.3115485933761,8.995217330599498,9.05695194435946,8.965856767498348,9.05521891280933,0.0002317848132285149,0.00021497865330289247,0.0002477344217777703,0.00021505528170369056,0.01522448072114497,0.014662150364216446,0.015739581372379963,0.014664763267904824,0.6832608636651584,0.5641916840853297,0.5948923948474093,0.5813771317346734
198.jpg,Test,859.4723934977578,1342.4214442277141,1565.3003283151827,1830.3878018862233,0.11157040939732275,0.08874059835142178,0.09582006547022522,0.08515602702720351,17.232923606662396,22.552836373142434,24.175248238308775,26.19861650143779,8.979572329908471,9.176566361708415,9.184147939942582,9.238696659286912,0.0003244500450733793,0.0002670095396305552,0.00028534139250297835,0.0002573131152361616,0.018012496913903393,0.01634042654371529,0.016892051163283232,0.016040982365059867,0.7440325037419203,0.600980148126897,0.5336453600405452,0.4559352546676959
199.jpg,Test,1397.6365110506088,1484.6605602364816,1135.0082479180012,1464.7954915642786,0.04432365391668304,0.043796314388362546,0.051627306588974374,0.04332958368020909,27.214866271620757,27.97029902069215,24.357823510570146,28.07953105833618,9.70302258298391,9.718432286425505,9.628446372064486,9.723961884355665,8.246565806313077e-05,8.158720860277931e-05,9.193122322477625e-05,8.027421431575333e-05,0.009081060404111998,0.009032563789023541,0.009588077139071017,0.008959587842962049,0.6182313349767664,0.5943567831027247,0.6905214856559844,0.5997641317622621
2.jpg,Test,232.0018217488789,200.47553741277724,145.22233344010252,228.51567495827385,0.08987657046031132,0.0958188403011525,0.10963152582633648,0.08924920958523137,11.424747757847534,10.591727161213775,9.08191864189622,11.424400249351487,8.490896003140863,8.426407175258998,8.296128471988245,8.4935578324599,0.0002990070179095186,0.0003201837863975669,0.0003617941112641743,0.00029737500929351887,0.017291819392693142,0.0178936800686043,0.019020886185038128,0.017244564630442803,0.8092441120038214,0.8354688914637326,0.8804720272756366,0.812459836995703
20.jpg,Test,528.8987427930813,482.7703352168755,165.20417600896863,515.6550101550403,0.08266321183267858,0.08553232692256157,0.11208736421912213,0.08571048995469882,15.277426329276103,14.603108849966823,9.310037636130687,14.94254861348509,8.369760375089914,8.350205314855959,8.068064185028437,8.357129728896105,0.0004326857578919581,0.00044084500946324576,0.0005367242158493934,0.0004387012339126856,0.020801099920243597,0.02099630942483097,0.023167309206064336,0.02094519596262316,0.42727594631177396,0.47786443997022926,0.8208491859012325,0.4422970082942487
201.jpg,Test,235.7827714606022,291.47465261718514,198.7060978539398,274.6408132075851,0.10289541286954723,0.09023879798454239,0.11559000448208234,0.09171988514082371,10.91674007046765,12.377184339118019,9.904728539397823,12.030666210862877,8.66837544693514,8.773724345256651,8.58529258805462,8.749407285207324,0.00025315101664798715,0.00022312229110591565,0.000278215517389968,0.00022806431749300779,0.0159107201800543,0.014937278570941752,0.01667979368547369,0.015101798485379408,0.8530355967479534,0.8183365339924061,0.8766251023716642,0.8288304725656043
202.jpg,Test,625.3916159513133,721.9548553158115,643.7022741832159,698.0592410866898,0.07088979656527242,0.065147221629312,0.08013269416284735,0.06375222193847321,17.1665598975016,18.153129964407086,16.430533311979502,18.102958032536346,9.118859426632667,9.149371316531298,9.061270612558761,9.150511972005695,0.00015592523274617816,0.00015006691695400217,0.00016991107266948083,0.00014866516312093302,0.012487002552501467,0.01225018028251022,0.013034994156864085,0.012192832448653308,0.7088163923936486,0.664549103488189,0.7006293774905674,0.6756518983747536
203.jpg,Test,222.84987588084567,336.9963803816687,223.78757607303007,248.86484747330533,0.11040979961640691,0.09944389103808177,0.13120367328604174,0.10166694081940467,10.513072549647664,11.94266926742947,9.280128923766817,11.056043757163831,8.240512263164424,8.308452150149165,8.09686481008822,8.275822886281432,0.00043373597333773553,0.00040205001134098326,0.0005136381118057832,0.00041182447943645357,0.02082632884926519,0.020051184786465445,0.02266358559023226,0.020293459030841773,0.757350981764111,0.6334253801600741,0.7559421055211167,0.729297678478897
204.jpg,Test,1511.5427610506085,1545.1936294717366,1136.2879163997436,1631.8301594642967,0.09454471640003341,0.08625803898853869,0.10317420741013594,0.08384555427803599,22.74899903907751,23.437471093325826,19.75356342088405,24.023004685394845,9.285973238220564,9.332626704694537,9.198643797422685,9.345462137081624,0.0001937189618754055,0.0001769416495726935,0.0002134798846354384,0.00017450854620803836,0.01391829594007131,0.013301941571541107,0.014610950846383626,0.013210168288407168,0.6031335180991335,0.5945774932025888,0.7012500691261899,0.5718453158745126
205.jpg,Test,887.6835762331838,1004.7491001226648,821.2394298526585,1077.3669287538457,0.0728070066160876,0.06710046616826597,0.08157078822845705,0.0662073927181082,19.90903267136451,21.01063765609604,17.88797245355541,21.16680407810332,9.120847277188098,9.154575860607716,9.017055055056744,9.148753840931999,0.00018315528935965587,0.00017245514768955415,0.0002063043141531181,0.00017442848064942075,0.013533487701241534,0.013132217927279236,0.014363297467960416,0.013207137488851274,0.5994215784158644,0.5469836640271519,0.6293626348845375,0.5142610760570775
206.jpg,Test,162.79896700832802,217.3676124595307,156.26395339525945,126.82344306139274,0.16094695591297642,0.1557929646766184,0.2075593788378334,0.1535770693437835,7.133207879564384,7.438275452955017,5.53193065342729,7.141245550885801,7.290533116679039,7.303367663226482,7.032567311475358,7.314006559627631,0.0010574000335645732,0.0010363942683361803,0.0014060877927114961,0.0010194145065223932,0.03251768801075152,0.032193077956855574,0.03749783717378238,0.031928271273628225,0.5300142583878188,0.37055458671923447,0.5496856042017044,0.6328029337631397
207.jpg,Test,217.20631806534274,275.4825956685234,171.48262331838563,271.9572281767178,0.13530879209559943,0.10939951665695115,0.14825069548948422,0.1112730859590707,9.752482383087763,11.573488306621892,8.670123318385649,11.446982645940999,8.100217500174935,8.249668288174167,8.005625326530351,8.238352623185662,0.0005501830443965476,0.00044029182924007005,0.0006461824748299046,0.00044512730373475937,0.023455980994120617,0.020983132016933744,0.025420119488899037,0.0210980402818546,0.7998678297830301,0.7467577838981933,0.8420529483264524,0.7499951219208729
209.jpg,Test,256.7890975336323,265.0468338394096,212.1818946188341,293.0498300790283,0.1132724263215433,0.10255701801216868,0.12476229993259932,0.10315347563840911,10.775884849455476,11.246033501578555,9.694746957078795,11.70912344909409,8.452509188068039,8.493866952842062,8.365347498332413,8.524238880251367,0.00032648234521668673,0.000306244493953706,0.00035955802002978594,0.0002989514516181171,0.018068822463477987,0.017499842683684503,0.018962015189050607,0.017290212596093694,0.794902389607285,0.7886143573828556,0.8302171235063021,0.7662817404674991
21.jpg,Test,281.61809336963483,358.2551830923606,257.83612267777056,274.52355768263993,0.09766022430521355,0.09629947131553708,0.10673638672334068,0.09593888107555615,11.524563581037796,12.295240201894266,10.561739269698908,11.46598564218062,8.222459265201888,8.250557982521102,8.157445126162308,8.225322932430728,0.0004765679712998533,0.00047292804710715846,0.0005162192652415887,0.00047527380622604915,0.021830436809643854,0.021746908909248654,0.022720459177613218,0.021800775358368545,0.7479018384104414,0.6799546796074306,0.7689549563804265,0.7547552904699207
210.jpg,Test,1015.2433936579116,854.9431921011884,738.5150344330557,1032.2265076715798,0.07828732713651036,0.0785400823576575,0.08947577658607452,0.0727384071947326,18.97017136450993,18.79969434334091,16.43539798206278,18.899274065434657,9.260714304316458,9.28409483504813,9.165587383166542,9.249806051741983,0.0001554960090322199,0.00016540351514434236,0.00017257197915764667,0.000154905626420757,0.01246980388908422,0.012860929793150353,0.013136665450472835,0.012446108886746774,0.6761306959048701,0.7273658362034554,0.7643532420477583,0.6708218787323003
211.jpg,Test,175.64680092889176,225.9817209274267,143.4052090006406,230.89651913370466,0.17292980834620142,0.1431071049986276,0.17621022194195493,0.14434477841293278,7.892116431774504,9.560839751452875,7.491932254964766,9.591244545436265,8.49842154024206,8.678129970462098,8.475497221857102,8.685858305893568,0.00036897649482131936,0.00030666807310851356,0.00037367651452761727,0.0003036650081030935,0.019208760887192058,0.01751194087211676,0.019330714278774523,0.017425986574742147,0.9488420710528194,0.9341062440409045,0.9581562522307127,0.9326737109712127
212.jpg,Test,426.28605461242796,464.6222123911601,333.88028507367073,427.2899314283416,0.10703861446937739,0.09731689385744378,0.12063883405041526,0.09880664673431998,12.957819506726455,13.748758269822437,11.321868994234464,13.294476060246538,8.753831878467775,8.808098238161387,8.639285881621936,8.788876209997458,0.00023801336631019715,0.00021905229187619082,0.00026951942891441,0.00022340393586135567,0.015427681819061383,0.014800415260261815,0.01641704689992722,0.014946703177000462,0.7597782631368388,0.7380139503487135,0.8114378257539793,0.7590610281299036
213.jpg,Test,829.5336723254325,1078.6849926602185,665.9552370275464,760.2935912646544,0.13682311878876557,0.1146815201349971,0.15859680927368824,0.11953801835193045,15.94374599615631,18.65511069999397,13.852698590647021,17.247038951115044,8.552250708760177,8.6756208897458,8.433012453710035,8.659792262555026,0.0011737707581084375,0.0008981087152726929,0.0017108007607867294,0.0010507939377420916,0.03426033797422958,0.02996846201046515,0.04136182733858273,0.03241595190245216,0.7218823550196704,0.6387894547416739,0.7764980908029456,0.745410187687765
214.jpg,Test,1143.8641896220372,1233.439461883408,1093.254224055093,1183.7623519475555,0.06172377887586886,0.05877737395971994,0.07109060766598292,0.06055975302525897,22.619234465086485,23.334010336021233,20.94608824471493,23.438195016992097,9.568992366000519,9.577775952573687,9.485931941107108,9.589375352317779,9.694664821854864e-05,9.529156120039382e-05,0.00010713520084983058,9.498909131228311e-05,0.009846148902923854,0.009761739660551997,0.010350613549439018,0.009746234724871093,0.6881093940555059,0.6632143614005088,0.7026995489785174,0.6767726644579077
215.jpg,Test,418.4180813581036,486.47969997385826,394.33412075592565,408.03603531138776,0.09989524009427025,0.08977466487934961,0.11214618324622706,0.09103912402753822,13.27622517616912,13.89472943352973,12.004043882126842,13.705765247642221,8.584147360985265,8.611426559661513,8.490834062691443,8.62282487831095,0.0003104798351452627,0.00029216710863980524,0.0003461536960812297,0.0002897230872444295,0.017620437995273065,0.017092896437988656,0.01860520615530045,0.01702125398566244,0.7180090037070777,0.6729277368534644,0.7345417139857231,0.7256703763087493
216.jpg,Test,1153.0819586803332,1151.2960646705142,864.1255004804611,1114.4427597578876,0.07073662622502076,0.06899834020420312,0.08416102698537334,0.06922719564210514,22.95199391415759,23.0432544390597,20.00214205637412,22.84888093466589,9.176633095356188,9.180549922835189,9.080108283981863,9.182507822246226,0.00025831813274888676,0.0002752904615606019,0.0003613608798591427,0.000263005452956662,0.0160722783932113,0.016591879386031044,0.019009494466164605,0.016217442861211566,0.5350722800483426,0.5365114412992247,0.6516733457894841,0.5513571307910863
217.jpg,Test,1139.208520179372,1308.3997868446982,1475.9633648302372,1738.383599107161,0.08378448147107144,0.07499874039928825,0.0861265927603731,0.07184798643967452,20.14097533632287,21.96370327173279,21.991631966688022,24.651169337810934,8.925810405704553,8.985198158440898,8.92873694815702,9.017273592360159,0.00025425212977039636,0.00022931706042531657,0.0002516601555686926,0.0002200369364985833,0.01594528550294401,0.01514321829814642,0.01586380016164767,0.014833642051046779,0.4828165006927101,0.40639801443477785,0.3293513997106741,0.2113204326210028
218.jpg,Test,171.29498318385652,240.40453256651048,187.96784913516979,239.90498501880194,0.1218488847005787,0.10705381852477737,0.1332870883629355,0.10883732789674334,9.237287796284434,10.59753865953468,8.750240230621397,10.4496169237266,8.100397268908704,8.196532944357134,8.030535472014838,8.185304295142165,0.000494545070763128,0.0004396203703507547,0.0005381182911892664,0.0004459580849982935,0.022238369336871983,0.020967125943980848,0.023197376816986578,0.021117719692199097,0.8060926996446266,0.7283659730651775,0.7871412134108323,0.728930237636585
219.jpg,Test,518.6196148302371,562.3247803092761,505.50220211402944,599.7800880773793,0.0880018477124777,0.07891397654485538,0.09906591182559184,0.08017420284034334,15.262471973094174,16.25516298336986,14.528026905829597,16.502201934484905,8.633509313888485,8.686342182031854,8.583705880886066,8.689873714018063,0.00029862067649004555,0.00027466752725226683,0.00032589261347523994,0.00027778887092382633,0.017280644562343316,0.016573096489560027,0.01805249604556777,0.016666999457725627,0.6688925527767364,0.6419156169312481,0.6770881641266729,0.6180648972402155
22.jpg,Test,158.54528347213324,158.00327776548895,147.44444666880204,183.97920730358544,0.10850468626290531,0.11169702153297165,0.11114803355817712,0.10359726201880626,9.369434657270979,9.362042269098513,9.11729260089686,10.064710732168352,8.379211636096121,8.379247486202006,8.359527089561766,8.433024121087094,0.000358720412595451,0.0003639377945102646,0.0003637434522022628,0.00034099375513673384,0.018939915855025625,0.019077153731892622,0.01907205946410253,0.018466016222692262,0.9084882938621759,0.9088313779274284,0.9147313709318313,0.8938436536598992
220.jpg,Test,321.51817745035225,373.610307868648,225.01645579756564,314.10535100243317,0.10486911673874001,0.0937521453152837,0.1244522965965954,0.09797885747832698,11.594210442024343,12.610006233787127,9.797005124919922,11.923927688069336,8.529553961795548,8.598226361581602,8.397353213974238,8.562872631324064,0.00029479653766783316,0.000269749560969911,0.00034319762314550986,0.00027927695807388977,0.01716963999820128,0.016424054340202086,0.01852559373260436,0.016711581555133845,0.7500209149148447,0.7096642338606537,0.8253454068663185,0.7559047048626096
221.jpg,Test,345.5602178090967,375.6190954975969,256.11845371556694,425.77670976693673,0.11315786065688774,0.10516450382937749,0.1290655020557127,0.10338982205405899,12.138853299167199,12.816143497757848,10.387552049967969,13.48404351585594,8.683944554539316,8.730409210401001,8.548636302808935,8.759102665194652,0.0003498327564865859,0.00032719862113553527,0.0004046521592182691,0.0003218641521997647,0.01870381662887513,0.018088632373276185,0.02011596776737995,0.01794057279463966,0.8878303425703147,0.8781963032049939,0.916743142865221,0.8619311603732219
222.jpg,Test,224.3347813901345,239.42021757927967,150.69887091607944,254.97794043716945,0.10847485538059895,0.10020261576168249,0.12807181226870998,0.09728277550138276,10.675148142216528,11.1453678939854,8.713284753363228,11.584427597578877,8.861285230361709,8.895933577041436,8.674452522701273,8.927637129941152,0.00019392796296488192,0.0001838836974391914,0.0002353743017383812,0.0001787352393971788,0.013925802058225656,0.01356037231934254,0.015341913235916216,0.01336918993047742,0.9144970643860968,0.9087851501613553,0.942571930422514,0.9028535459903574
223.jpg,Test,91.39658071748877,108.5921494500191,74.30253042921204,102.24860745239195,0.18504514767255945,0.1680228820365448,0.20060081637059468,0.17400104291268423,6.388933376040999,7.071065173238955,5.765815182575272,6.839650907920932,7.896271401058934,7.981322233163443,7.8077212514868535,7.955092213796629,0.0007079668438780024,0.0006533988490174002,0.0007629483577136036,0.0006682227041353817,0.026607646342320518,0.02556166757113863,0.02762151982990081,0.025850003948459693,0.9421925279161024,0.9314615910278952,0.9529564963515249,0.9354652073156147
224.jpg,Test,432.3847093209481,577.8104325443906,500.4244474695708,754.657181926039,0.09839629364456644,0.08607950944842134,0.11275074215480704,0.08714539311341943,12.812439942344652,14.898288724888896,11.945908071748878,15.272637696314021,8.679635415798083,8.790204940274426,8.564445408075487,8.76541915279836,0.00026137880642162153,0.00022780814814258248,0.00029473081153422984,0.0002343708955344175,0.016167213935048348,0.015093314683745996,0.01716772586961447,0.015309176840523383,0.7927609860129214,0.7232316266021421,0.7604553054448929,0.6385011488028327
225.jpg,Test,58.71386531069827,62.677652878602025,39.71684817424728,64.66532606728468,0.2283326100795826,0.2181048356256588,0.25533680858853114,0.2115497170900587,4.879143978219091,5.094954654225904,4.101257206918642,5.257013010517002,7.400347383136738,7.430439335482027,7.256390741293259,7.457379527644091,0.0010751595154025637,0.0010510563748508935,0.001210244353798096,0.0010212121400619602,0.03278962511835967,0.03241999961213592,0.034788566423439984,0.031956409999591005,0.932289236856886,0.9277888043159639,0.954131851869143,0.9254991415295584
226.jpg,Test,452.9490110506086,486.75660077620705,249.11454996796923,439.2121498521988,0.18174331820673328,0.17870472731207937,0.21363176524695307,0.1688641901510215,10.065442825112108,10.408272838786221,7.9004644458680335,10.629552172776448,8.784616240493975,8.820925815255482,8.60842290846457,8.860149429388711,0.001113638960474445,0.0010693509506234926,0.0012160172324047357,0.0010337262251252782,0.03337122953195529,0.032700931953439684,0.03487143863399868,0.03215161310300431,0.9468549923108786,0.942569117206931,0.9709201467871087,0.948178737670471
227.jpg,Test,593.3960802370275,681.0292384725211,501.7763853299167,642.5169820426713,0.10017650693545806,0.0903430926051899,0.10875809006569692,0.0885336525098896,15.513392857142858,16.62685756801866,14.021020179372197,16.41607512718937,8.615285097763042,8.662783438044185,8.544744231795729,8.66534418037967,0.000373308408102528,0.00034393939938799373,0.00040691931005847607,0.00034248467288735445,0.019321190649194683,0.018545603236023188,0.02017224107674891,0.01850634142361354,0.71697495190869,0.6760478177021907,0.7604416997201848,0.6943673293601869
228.jpg,Test,155.87964445868033,169.80747652275332,113.2556053811659,178.43483681554022,0.1449330534968277,0.13545427143534955,0.17315610484821337,0.13163011266686087,8.323110185778347,8.815057612258443,6.869835041639974,9.011240925817933,8.19065847134861,8.243464461068097,8.010213805340575,8.258156762805704,0.00043147523480324587,0.00040130253060813206,0.0005231822277124669,0.0003959001272589891,0.020771981966178524,0.020032536799120877,0.022873177035831006,0.01989723918685678,0.8551797100234112,0.8425920476457662,0.8947265330151554,0.834597677901767
229.jpg,Test,763.7229540358744,836.3980574714955,640.2759449071108,794.5126586096644,0.0652144269691825,0.0646230532375161,0.07401294242615397,0.06496421535780272,18.551309256886608,18.882684148082607,16.078315182575274,18.221359769953146,8.67363554030854,8.675989550899324,8.581436371979734,8.655492310465885,0.0002648093899804286,0.00026399232162234936,0.00029098101538142855,0.000269630271375001,0.016272965002740853,0.016247840521815486,0.01705816565113109,0.016420422387228687,0.4161909134012628,0.34451401466658677,0.49940283831751076,0.3775671826215256
23.jpg,Test,400.92268577834716,323.66767881920003,327.91315663036517,422.7540067164029,0.06545921442559852,0.07423944062397128,0.07198511921982884,0.06341771092996572,15.407631326073027,13.767982464960081,13.961683215887252,15.828631181001027,8.812879855930671,8.725013798858688,8.74110283757736,8.832968978716224,0.0002012039261085902,0.00022275835674856324,0.00021706676814610697,0.000197344820574642,0.014184636974860873,0.014925091515584191,0.01473318594690595,0.014047947201446979,0.69556209121631,0.7546850282560855,0.7509488030309528,0.6795879121122328
230.jpg,Test,2339.8608263933374,2772.7456011582776,2199.5784953555412,2133.696555329888,0.04712728081365873,0.043533378948717776,0.04813844652520295,0.047861286213502593,32.1527466367713,35.36889943493736,31.326573510570146,30.536910052484462,9.807858851247119,9.866023386114017,9.802905496494207,9.7785105408526,9.534156794366282e-05,9.319004247243753e-05,8.754420419130873e-05,9.071448009942457e-05,0.009764300688920985,0.00965349897562731,0.009356505982005716,0.009524414947881291,0.46071929437913,0.35783243258303654,0.4921729220167096,0.5058323889899691
233.jpg,Test,1579.1093049327358,1739.857688672605,1217.305112908392,1624.7295742926663,0.04212605377634246,0.03822004118549792,0.04661016041281128,0.03860764812819038,29.175208199871882,30.62822497938828,25.27228139013453,29.67212290615134,9.694000386229227,9.722475746947094,9.605680959871084,9.705063759468208,8.616014807911947e-05,7.989430728382816e-05,9.203221703982524e-05,8.127240538366947e-05,0.009282249085168932,0.008938361554772114,0.009593342328918803,0.009015120930063526,0.49099899804638725,0.43551774930540305,0.6052139284243102,0.47281469614490645
234.jpg,Test,1688.5865631005768,1671.7436706951676,1225.3315382767455,1769.5086167025277,0.03680653447897726,0.03875099152147063,0.04509845373149035,0.03687968299726525,30.240991351697637,30.12011100162883,25.615570948110182,31.186671760944318,9.736254638260512,9.734271639298658,9.637313386016283,9.754383745583311,7.879922188465567e-05,7.882656431650696e-05,8.836397740036714e-05,7.642641722976757e-05,0.008876892580439152,0.00887843253713779,0.009400211561468558,0.008742220383276069,0.4621210319443265,0.4675250492735102,0.6105247030996585,0.43638326655210113
235.jpg,Test,639.2909993593851,775.4936757224154,622.3238108584239,703.3700657563998,0.06250330737740409,0.05527274398371779,0.06342015361518794,0.05909025842071866,18.203595451633568,20.337207665547268,18.17650944907111,19.25745540831306,9.68516685222151,9.76524755242405,9.676277696042364,9.722462194582477,7.875934535847559e-05,7.169769681323479e-05,7.900822297413204e-05,7.491790931854172e-05,0.008874646210327236,0.008467449250703236,0.008888656983714245,0.008655513232532299,0.9054903586030035,0.8854959536540364,0.9080574935014902,0.8961396786231013
236.jpg,Test,640.4803411274823,761.5525347382815,600.1886210762332,682.5953266705544,0.06210330549512926,0.05549020951418314,0.06473902674814011,0.06043114750873231,18.329716527866754,20.334010336021233,17.88605060858424,18.985682398600414,9.691131575688397,9.768402750394792,9.667303494478318,9.714333108746645,7.888719070371618e-05,7.237522127517261e-05,8.147114952327329e-05,7.705400181044646e-05,0.008881846131504204,0.008507362768518373,0.009026137021077914,0.008778040886806488,0.9068345979463257,0.8893951731654984,0.9127609143893434,0.9008587741189208
239.jpg,Test,640.1380725496476,884.8260170122062,681.362487988469,811.7219932031611,0.07396047357549657,0.06237579499712201,0.07711278010622682,0.06789802912067873,17.478118994234464,19.356291097749803,16.243453715566943,18.192865330089084,9.459128213069047,9.513762018373411,9.382494113534126,9.466909821029315,0.0001538478460782954,0.00011828837105574076,0.0001398129119393439,0.00012579694340518393,0.012403541674791737,0.010876045745386545,0.011824251009655702,0.011215923653680241,0.9193988085320095,0.887792911373018,0.9134535571531638,0.8970649936374059
24.jpg,Test,278.1644778987828,257.6906231776227,226.04668481742473,243.77775543445478,0.08488228263107943,0.0852088298019772,0.08995670256431143,0.09065751762896808,12.550488468930173,12.115968549538497,11.446949071108264,11.647288302600092,8.860035144677639,8.832045874284,8.786454643070313,8.79421684347341,0.0002118036678440002,0.00021958990379630205,0.00022551678438975984,0.00022893796213640773,0.014553476142970112,0.01481856618557619,0.015017216266331115,0.015130696022867148,0.8970649581009839,0.9046337544466849,0.9162635541368827,0.9097829279612555
240.jpg,Test,621.7991872197309,672.6555329887992,464.6012972453555,614.7683846447746,0.06717606306631024,0.06413232498009262,0.07852164295709627,0.06912773028916137,17.08830477258168,18.02374871805184,14.839085522101216,16.9012648555169,9.415782983695934,9.460020473084704,9.325830522052234,9.411034974851894,0.00012791547983437578,0.00012209047416130337,0.0001422249408118533,0.00012977919401763603,0.011309972583272506,0.011049455831003778,0.011925809859789535,0.011392067152963769,0.9197784437898688,0.9133704707449414,0.9400292184704738,0.9208198055261455
241.jpg,Test,347.453615470852,516.6993504795995,422.396500640615,512.0364978181746,0.08593485391898344,0.08299695909976948,0.09655337606939922,0.0846038647388804,13.183516175528506,13.997586921112429,12.065502882767456,13.77656900400169,8.436919160618038,8.44987258284763,8.335111574972336,8.434635986147555,0.0003404072682356741,0.0003285740908205735,0.0003692171566702753,0.0003349071551957682,0.018450129220026458,0.018126612778469494,0.019215024243291377,0.018300468715193287,0.7342130473603831,0.5877309615579218,0.6634228407684852,0.5914578800051092
242.jpg,Test,930.41774103139,899.9374610388304,433.88641095451635,968.2491906131231,0.22982659618765894,0.2314324403108966,0.255413542944021,0.23175226618598682,16.112528026905828,15.663295059220978,11.631886611146701,16.29741197289308,7.908487895492699,7.913905074098821,7.728626136249013,7.932364610966405,0.00981402408163214,0.009568339719180996,0.010519762649273349,0.009597889773697734,0.09906575635219336,0.09781789058848589,0.10256589418161063,0.09796882041597589,0.8990751419354878,0.902347488883511,0.9530876232824953,0.8949350567222351
243.jpg,Test,1266.616892216528,1508.3956443926077,833.368013292761,1505.9399143356995,0.07307499286566779,0.06321929355638417,0.08195481809820562,0.0655201217418834,22.52764654067905,24.212330833115487,19.389353779628443,24.02871563876209,9.356612960682806,9.412273987960763,9.27438624069941,9.405586341868407,0.00045505448523343447,0.00026012693437575825,0.0005777741939757363,0.0002586920220790192,0.021332006123040433,0.01612845108421011,0.024036933955389073,0.01608390568484593,0.8067626170792606,0.7659929362913993,0.8746952553081981,0.7663746122971096
244.jpg,Test,502.8331398142217,527.5407307607231,422.84092729019864,549.8411590822257,0.07246782325203079,0.07252680991519568,0.07858754665974269,0.07155385563275471,15.531610345932094,15.780952763980775,14.30345131326073,16.070120050674657,8.81511988669825,8.822062157557912,8.765830457905459,8.833152845973611,0.0002550127895361225,0.00025429690815672614,0.0002680518124433409,0.00025236360797616835,0.015969119873559798,0.015946689567327952,0.01637228794162077,0.01588595631292521,0.8280080079777373,0.8184931945275538,0.8540659409378846,0.8107826468656221
245.jpg,Test,708.9050888853299,693.7286693880834,538.137952434337,718.179171107402,0.06548913078581847,0.06383703410047534,0.07585345274438146,0.0658561829594313,17.917140454836645,18.068430895453357,15.610005605381165,17.93018158418629,9.194884025964546,9.207870290367374,9.09027259312845,9.193478673127363,0.00014576433318330245,0.00014391258478541825,0.00016500605956477988,0.00014644496135532903,0.012073290072855139,0.011996357146459847,0.012845468444738786,0.012101444597870497,0.7083758583445947,0.714801780585175,0.7785618671255762,0.7047908109572506
246.jpg,Test,952.5185778347214,980.9406583683565,405.5477458360026,944.1844798809548,0.07042525076399467,0.07096960556037762,0.09092344654625305,0.07442874111092498,18.96929051889814,19.263287015624684,13.484805413196671,18.571939914335697,9.056489526848473,9.06619969013206,8.847390355296792,9.031985747415607,0.0001997757853945938,0.00019838971655175168,0.0002563449460489117,0.00020656226691760898,0.014134206217350651,0.014085088446713839,0.016010775935254098,0.014372274243055932,0.6722799659321489,0.6629230903377128,0.8602419949939323,0.6755513336331727
248.jpg,Test,861.950452434337,845.3083110458685,486.4368193465727,743.5984837820989,0.0608475664734358,0.06144093514348151,0.07523163186631568,0.06509860439280965,19.127502402306213,19.076373946791612,15.07218930172966,17.98007199018681,8.775154206623325,8.776641652801963,8.641025991420427,8.745734928080878,0.00023162570789290196,0.00023067150279192986,0.00026914130326163724,0.00023845524995268238,0.015219254511732892,0.015187873544111758,0.0164055266072637,0.015441996307235745,0.30399761045573387,0.317830858668943,0.6071358823267654,0.3999627150500182
249.jpg,Test,1293.3593049327353,1573.4059804138433,1178.4917520819986,1556.1257013010518,0.05724667953746623,0.051172782194022666,0.060946399837652196,0.050643448151586,25.26637572069186,26.79816606004545,22.640775144138374,26.701180397755838,9.585180559496909,9.620035270148136,9.50421512225294,9.615680373586128,0.00018344684888524376,0.0001231978455364253,0.00013981431463121956,0.00012363759955155945,0.013544255198616266,0.01109945248813766,0.011824310323702587,0.011119244558492248,0.6495838105884911,0.5638709083801067,0.6750837766635661,0.5686126922306843
25.jpg,Test,338.94126361306854,275.0163285004726,348.833380044843,497.20555410323954,0.09289301797178688,0.10958157209874834,0.10714086342351034,0.0879085963919699,12.537836322869953,10.825293088539887,11.481041800128125,14.222144020591607,8.15370959277475,8.071604641707339,8.089496481392718,8.19615104251663,0.0006621090391554881,0.0007188265634107149,0.0007088926205159516,0.0006454272712911033,0.025731479536853067,0.026810941113857137,0.02662503747445159,0.025405260701104864,0.870954432288111,0.8956138346567805,0.8670961833157406,0.8112786746825128
250.jpg,Test,1302.950852818706,1054.1212572141005,1217.00142136451,1853.9085845281425,0.06210502020468835,0.05984050312453071,0.060298918031454096,0.0485377053875097,23.876701633568224,21.635665305958298,21.502702594490714,27.423998069536886,9.159230198190807,9.130729225097891,9.10248222014465,9.207583686278312,0.00022192068318962246,0.0001884053796435415,0.00018535851752724255,0.0001678467277967018,0.014897002490085798,0.013726083915069931,0.013614643496149378,0.012955567444025822,0.7651754146588684,0.8058561085755837,0.7754932966210021,0.6585662508739737
251.jpg,Test,2842.668081358104,3304.1350519817415,1407.0570547725815,2507.554626073317,0.05411877650310855,0.04680094239805182,0.06491528466406774,0.05236066775736258,33.03627482383088,34.95352812242354,23.128883728379247,31.60377244666091,9.716927709112142,9.7303131722967,9.535336421908905,9.717031685004923,0.00015518280797483585,0.00013684922546646958,0.00019183294245627629,0.0001357594442519531,0.012457239179482582,0.011698257368790857,0.013850376978850658,0.011651585482326133,0.5201955188928999,0.43243157160019596,0.7583431319246603,0.5692354457998009
252.jpg,Test,766.1498038116592,934.6781958213517,757.590226617553,880.4710933258259,0.06294486191139229,0.05816052273130616,0.06449308626927484,0.05989874765617256,19.390835201793724,20.579862856683224,18.459340967328636,19.788473526513705,9.223884725932585,9.251673192006379,9.174388782199033,9.219382241126327,0.0001466594509845403,0.00013838947654108672,0.00015037959022339855,0.00014349143185965983,0.012110303505054706,0.011763905666958008,0.012262935628282429,0.011978790918104373,0.6950127932562504,0.6198680860911074,0.6916702911472267,0.6418520264759309
253.jpg,Test,646.6511450992953,856.6899997989101,719.5911875400383,802.1225240805163,0.060811952912000894,0.053815982507132834,0.06135833251779636,0.05756827318294107,18.83788436899424,20.507289509139536,18.48168241511851,19.801343280580745,9.340371458989438,9.39059337490761,9.30884747860085,9.35913884085275,0.0001329529471290517,0.00011619696161548868,0.00012686586554225938,0.00011994346363867803,0.011530522413535811,0.010779469449629174,0.011263474843149398,0.010951870326052899,0.7905726536443825,0.7154936476764953,0.7608178829570604,0.7336201474688355
254.jpg,Test,1504.9877282190903,1697.3059381849625,1198.167420723895,2032.887409760904,0.07359246670744457,0.06245066365235206,0.07920407252184973,0.057953489677338356,24.312560057655347,26.146936395262323,21.88819266495836,28.567274628486395,9.449178032005392,9.511285949105918,9.384191832580278,9.561874879484366,0.0003197151584547432,0.00019638484261424782,0.00036396828367147915,0.00018190005300586644,0.017880580484277996,0.014013737638982964,0.019077952816575452,0.013487032772476919,0.7370950516394748,0.699409118859157,0.7912157381329086,0.6399459822072077
255.jpg,Test,1169.779868673927,1284.3747712602303,968.9641655989749,1572.920830903497,0.0755526423846083,0.0671146718086032,0.07453087993741632,0.06480226814897608,20.621676809737348,21.865893140823264,19.41243593850096,23.987813951617767,9.146184800437108,9.19809365380463,9.123941676082602,9.240373929108582,0.0002363607948960919,0.00019136295285429234,0.0002527404286975201,0.0001804627144800784,0.015374029884714414,0.013833399902203808,0.015897812072657044,0.013433641147510172,0.6911459647666643,0.6559489368081527,0.7452635290600123,0.5786147486337998
259.jpg,Test,510.3415679051889,590.9794285024834,485.19130365150556,604.9843149872307,0.07106258451310045,0.07134258312277267,0.07752099757235502,0.07025699373887292,16.19859064702114,16.58094874218263,14.871156310057659,16.775181483641333,8.865723248965105,8.8660576736306,8.794448836212787,8.870177021218609,0.0002518469139727117,0.0002532334110902407,0.0002687501526128762,0.0002507216574672466,0.01586968537724399,0.015913309243844934,0.01639360096540343,0.015834192668628438,0.7987331196829945,0.7647322043981418,0.8066147567646064,0.7591137534370342
26.jpg,Test,286.73042120435616,270.58726296527175,223.39900304292124,304.87763679140943,0.09669822301927133,0.09781750174603657,0.10169400470922962,0.09081850104963907,11.575552530429212,11.221983148665768,10.48488549007047,12.117195197973015,8.103617630450849,8.09466583435135,8.05335833860456,8.133474788327295,0.0006015173589708259,0.0006094776332860746,0.000619932098299313,0.0005849201515949479,0.02452585083072198,0.024687600800524838,0.024898435659681774,0.024185122525944496,0.830631999462667,0.8406725467908087,0.867936919109737,0.8204810835613867
261.jpg,Test,1097.2872757847533,1210.4157936013194,842.4540158552211,976.6639184379337,0.05492225808511324,0.05061683035747411,0.0693398132088885,0.0622818977544,22.46096252402306,24.177220535301334,19.239610025624604,20.808300991373244,9.718146230271945,9.772023785203297,9.597243966848383,9.658249132901254,0.00010121263498160028,8.8874791923008e-05,0.00014176265364653978,0.00011748791765531948,0.010060449044729579,0.009427342781664832,0.011906412291137066,0.010839184363009954,0.8583247734855719,0.8432226305830284,0.8910123141381973,0.8734988000177308
262.jpg,Test,545.1923246316464,733.2986185123369,568.2487387892377,683.4453337087011,0.07974141441714974,0.07299115864923625,0.0856783333791302,0.07420696372346328,15.503743593850096,16.85811096141085,14.25906870595772,16.444348368155403,8.958324340206875,8.994870608163929,8.870749794852685,8.983485382859092,0.00023403212599790868,0.00021706399717052208,0.00024535405366474044,0.0002203984446268867,0.015298108575830827,0.014733091908032138,0.015663781588899292,0.014845822463807341,0.857116277838089,0.8057994483080638,0.8491205838392004,0.8189847906453381
263.jpg,Test,903.2034953555412,1400.314524724004,1233.9601417360666,1127.1743650586177,0.07623769343250929,0.06654791943182116,0.0698382131800819,0.0701496897426883,18.677510409993594,22.943171992197712,21.557234945547727,20.927949486215283,9.233507929049892,9.357968235189325,9.319124400648564,9.307138309872053,0.0001981662966595273,0.00016562591947383553,0.0001719994804878154,0.0001813792225033443,0.014077155133745144,0.012869573399061661,0.01311485724237269,0.013467710366032688,0.8529989519500153,0.7716244224842966,0.7981783957171684,0.8161690262503669
264.jpg,Test,936.8329396220372,1016.680488246295,781.4905108904547,1067.4141446640792,0.04642739185169426,0.045634663219596985,0.05157099363167324,0.044054539401731235,23.258948590647027,24.255343964286435,21.2847533632287,24.849765730258,9.90064508969889,9.931330113233177,9.836556343195765,9.950046216440652,6.385253802651188e-05,6.12479282991216e-05,7.376997035668014e-05,5.931584123308827e-05,0.007990778311686032,0.007826105564015962,0.008588944659076583,0.007701677819351331,0.8574931034733513,0.8452038883369276,0.8810963210658,0.8374939771427548
265.jpg,Test,1235.0644018257526,1149.630638058276,995.0523302370277,1217.362002051117,0.044271777587535296,0.046170612808819025,0.050673479577881875,0.0430426544013363,26.312199711723252,25.393191095738906,23.54916720051249,26.133704679362147,9.629802248105243,9.608442220522626,9.551879496582282,9.625500399286489,9.875632112273009e-05,0.00010219782218841874,0.00011596775120643684,9.791087764456103e-05,0.009937621502287662,0.010109293852115425,0.010768832397546023,0.009894992554042728,0.6957810619545645,0.7176351105741173,0.7550863671238077,0.7009978620973338
266.jpg,Test,1968.9570787956436,2754.1064167789423,1764.046784913517,1882.6906835045952,0.06280869245198853,0.057868480973663115,0.07187693532914728,0.06674316431829048,26.443786034593213,30.21572925254882,24.02540438821269,25.746043556073918,9.39610510048972,9.43175201036215,9.326418313607254,9.382420796696561,0.00021053322977374105,0.00019548026355047305,0.00024368084264160737,0.00022195891427691236,0.014509763256984625,0.013981425662301861,0.0156102800308517,0.014898285615362338,0.7352609877859829,0.6303370353390447,0.7628718493331975,0.7472944647531194
267.jpg,Test,1979.5922685778348,2733.173842224859,1796.4145379564382,1903.3516258119002,0.05724211054655251,0.0526328883190763,0.06487119232302821,0.06185688322270622,27.250180172966054,30.732369442377685,24.890154548366432,26.54871403004283,9.434617764076304,9.461678880122598,9.371840830744173,9.417862779038112,0.0001723365273070861,0.00017191632265491847,0.00019249320956061443,0.0001889634123248152,0.013127700762398803,0.0131116864916348,0.013874192212904304,0.013746396339579883,0.7140857536232583,0.6061101825080268,0.7405673605503893,0.725699542766099
268.jpg,Test,1286.5120315502882,1035.863540388908,889.0526505445229,1498.0155844678156,0.05635666273454436,0.06042908550871861,0.06747783671534324,0.05368472906006265,23.089786194746956,21.292002654386774,19.041239590006413,24.434454744716362,9.76022188492025,9.711335533200941,9.618540769178662,9.778934941924614,8.054897980729021e-05,9.731463185576524e-05,0.00010011132147463746,7.785243335332691e-05,0.008974908345342042,0.009864817882544272,0.010005564525534652,0.00882340259499287,0.8231032335818819,0.857322556502029,0.8773660543834403,0.7936785785562499
269.jpg,Test,1074.5188180653427,887.380984938366,736.7321028187059,1317.9805344969736,0.055123119587458747,0.058241948743010384,0.06587500426174603,0.05342538748255457,22.04704516335682,20.566168633996263,18.164998398462522,23.730579742202742,9.6837346083482,9.639987164676311,9.53143580600779,9.716700610972625,8.48869046251089e-05,8.99866113847197e-05,0.00010081126472060199,8.05960940362562e-05,0.009213408957878127,0.00948612731227658,0.010040481299250649,0.008977532736573908,0.7707638912580352,0.8102619858361124,0.8429274980587123,0.7181818193023013
27.jpg,Test,378.66067424727737,468.877516137465,383.4026065022422,523.8345834422571,0.09149025903726331,0.08885636219472662,0.10171249079175038,0.08919334894302641,12.297205317104417,13.064449315288865,11.308516175528506,13.301212572141003,8.441641708200727,8.470917838925796,8.34347810095803,8.468488436067652,0.0003017781359022021,0.0002928100593377946,0.0003351581948523241,0.0002944789005520096,0.017371762602056307,0.01711169364317263,0.018307326261699827,0.01716038754084562,0.6688557752376495,0.590167326763135,0.6651696171072641,0.5421219084154644
270.jpg,Test,1276.8573030108903,1260.1775221701623,771.9142977258168,1647.157453397414,0.08019955341419124,0.07367437185310807,0.09181327872745054,0.0686480093090846,21.366151505445227,21.018118200647507,16.693886130685456,23.670835930744637,9.387822831877934,9.3786298715488,9.213133201214962,9.441234871998724,0.00033514336639535263,0.00021765296427217064,0.0003479076620794913,0.0001775930920723544,0.01830692127025603,0.014753066266785717,0.018652283025932543,0.013326405819738284,0.7139464620572803,0.7139011464118125,0.8280989261359483,0.6260232616756828
271.jpg,Test,3674.9962964445876,2491.5927125017597,2105.7260770339526,4635.018942669267,0.06023567309797557,0.06217322924034986,0.07091232658123164,0.048033376047484144,37.50486467008328,31.886545074302724,28.2532631326073,42.15674958273844,9.846569663507589,9.817561149747638,9.71301689371087,9.89454763347748,0.00014117532651973703,0.00021253827125109026,0.0003262959875817749,0.00012115657816318617,0.011881722371766521,0.014578692371097287,0.018063664843596245,0.011007114888252333,0.5977500921544452,0.7262250968285026,0.7686376743413832,0.4906900049378187
272.jpg,Test,1210.733804452274,1277.9806752599088,950.1925448430495,1268.1371634257675,0.05512050532035233,0.05594151273003328,0.06671674998191804,0.055824474849800035,24.653527386290836,25.281646524160955,21.56818545803972,25.152506585694464,9.777819003882243,9.788215658485422,9.686173138366799,9.790512539709585,0.00010819042590944963,0.00010998945459358053,0.0001641828798183092,0.00011183257992781653,0.010401462681250634,0.010487585737126564,0.012813386742712062,0.010575092431171301,0.8680156042577252,0.8601571237344294,0.8962986941759755,0.8612371695983734
273.jpg,Test,758.675348334401,740.9605260511976,586.6117472773863,818.6165416557744,0.05284511363864715,0.0523342557528965,0.05784831594814932,0.049796637320205374,20.162856342088403,20.25803856904422,18.181774503523386,21.052946972591446,9.159809249901631,9.166406695876269,9.109584433417552,9.184925239898547,0.00015585028892310608,0.00015431200904676443,0.00016319839050613508,0.0001512931735525259,0.012484001318611998,0.012422238487759137,0.012774912543972075,0.012300129005523719,0.7412089944530478,0.7479450654424052,0.7999970776675047,0.7214933416288085
274.jpg,Test,708.3380845611788,861.8215930342456,693.5146941063422,745.9644674133806,0.06336574616882087,0.05959200633597418,0.06682337207978939,0.06429279797003665,18.536595131326077,19.982987793842625,17.528827674567587,18.580124273562713,9.577896749242148,9.625877893896476,9.52541907261682,9.572844878453395,0.00010117376037818858,9.458027171752387e-05,0.00010528865718777405,0.00010198370747484306,0.010058516808068105,0.009725238902850864,0.010261026127428682,0.010098698305962163,0.8925154656483844,0.8690224661174146,0.8945109543025672,0.8866221048793379
277.jpg,Test,637.2955837604101,705.165858955539,513.392717008328,658.732791731183,0.07391627305238288,0.07216488694939477,0.08427873460611315,0.07547349824319885,17.152406310057657,18.0565665909228,15.444206438180652,17.380421886625513,9.34238556380212,9.380175134703945,9.272816989487014,9.357738475600305,0.0001411358507626643,0.0001346557122204047,0.00016909390445962012,0.00013941476050005023,0.011880061058877784,0.011604124793382941,0.01300361120841515,0.011807402783849216,0.9569498970409633,0.9524352332095879,0.9653270525091714,0.9555671126650054
278.jpg,Test,1111.3928371236386,1146.8869472541173,469.661595131326,1128.6859578917733,0.06004138969610147,0.06147779077720215,0.07733536690181925,0.06339320138149093,21.11721252402306,21.259044018580703,14.853899743754003,21.279736170041623,9.32862719027438,9.330520458144514,9.120991791967787,9.329661364472543,0.0001450912414675295,0.000146645529623381,0.0001743936751350483,0.00014712733827536485,0.012045382578711624,0.01210972871799286,0.013205819744909753,0.012129605858203508,0.7047260982179182,0.6959646990937224,0.8754003475670662,0.7007105969425799
279.jpg,Test,1123.9772381486227,1049.269299603853,882.3901945868033,1171.3672504976976,0.06738395833447208,0.06735505114675436,0.0724971283590478,0.06604558378570448,20.352158071748878,19.496048583321603,18.032851537475977,20.59586961330411,9.236166472253485,9.21504230994528,9.166206841635715,9.241816968210415,0.0001559280381299295,0.00016443423663926038,0.0001713911129828774,0.00015679121076335085,0.01248711488414876,0.012823191359379317,0.01309164286798557,0.012521629716748169,0.710513711645845,0.7301875227674545,0.7728113934834404,0.6987394241706646
28.jpg,Test,155.9543361627162,155.626012990408,136.6396740871236,170.39459872508996,0.1373992092389277,0.14552729170816608,0.1428924967431258,0.13668709834273676,7.874099135169764,7.636349011643106,7.466147501601537,8.112670675058817,7.576820039178925,7.549260758368617,7.546417955907576,7.593930629281099,0.0010418223387469268,0.0010911607279166084,0.0010688071246667138,0.0010338841321992185,0.032277272789796335,0.03303272207851797,0.032692615751369815,0.032154068672552445,0.9790125485934263,0.97913167795155,0.9816114738388381,0.9771512926873113
280.jpg,Test,994.2765254644459,938.2400410223411,693.6254204035874,1005.900721912767,0.053740763068364325,0.05865693876400384,0.06803883461727844,0.052667759623456455,21.4131766495836,20.57425244826962,17.674067104420242,21.808180337428865,9.51595755553521,9.487261867911165,9.368719712355327,9.532390282611061,9.692681014773541e-05,0.00010048126513623968,0.0001140933540914204,9.451698757649537e-05,0.009845141448843455,0.010024034374254693,0.01068144906327884,0.00972198475500221,0.702394191061179,0.7191477937934505,0.7923428533124354,0.6988943106332821
281.jpg,Test,509.4612427930814,553.4337911480222,497.5990550928892,552.6196987673188,0.06898966104206107,0.06752620300327791,0.06966073482369199,0.06647911281527295,16.271100256245997,16.430835126385006,15.777666559897503,16.75434856924531,8.892721195250854,8.895424616526416,8.874199998859506,8.915105562749918,0.00023632492606098522,0.00023712223927600196,0.00023899004062477816,0.0002314838851518422,0.015372863300666706,0.015398773953662738,0.01545930272117013,0.015214594478718195,0.8545584579933219,0.842463819732262,0.8579953336891254,0.8426825378117692
282.jpg,Test,492.3876521460602,533.3102616179693,475.1794122357463,532.3420539323131,0.06425148200928532,0.06330040832256267,0.06721941256504124,0.06452771656914952,16.316343689942343,16.48152989201472,15.695707879564383,16.762734018379618,8.995259359406328,9.000039649824869,8.971039322174718,9.014996030270131,0.00020579132969572635,0.00020786656721720934,0.000210091181448348,0.00020256869390292818,0.014345428878068663,0.014417578410302103,0.014494522463618731,0.01423266292381465,0.8635298897389604,0.8526774258367155,0.8683816738129113,0.8529435048613296
283.jpg,Test,830.6870795964126,931.4637736532004,749.7110626201154,918.6846508073761,0.051149456320602554,0.04841708637815918,0.05429869387118072,0.0477909088890839,21.09859465086483,22.654949828068133,20.295423606662396,22.52269299603853,9.662024476866087,9.719346322525348,9.639556066383243,9.71097556745394,8.077942204400915e-05,7.565790917849169e-05,8.311310055603414e-05,7.620765224384795e-05,0.008987737315031472,0.008698155504386644,0.009116638665431144,0.008729699436054368,0.8260698059961519,0.8048989948437801,0.8429718020252411,0.8075721450369943
284.jpg,Test,1189.063881326073,1238.878340606085,792.8682134849456,1196.3848056466045,0.059876206964967704,0.05723824129828656,0.07445760736890498,0.059638939209688435,22.467028347213326,23.06977819783225,18.728118994234464,22.654145468438937,9.686024788460855,9.7076841335611,9.560808619246952,9.701573122519239,0.00010350583581378418,9.637972492887764e-05,0.00015687786091431887,9.914744571654297e-05,0.010173781785245061,0.009817317603545157,0.0125250892577386,0.009957281040351476,0.7998693445690469,0.7900164395780931,0.8663031593279772,0.7972188819809163
285.jpg,Test,1126.3543201473415,1170.3334472842807,742.0876241191545,1144.0531078445172,0.06481594111772326,0.06440506569227984,0.07867833821443898,0.06322224725235136,21.761871396540684,22.351022542178608,18.193005285073674,21.97689476965151,9.644932391621264,9.665816285397746,9.520274331226389,9.655814920900127,0.00013274775334609504,0.00012566997075161876,0.0002131227993608009,0.0001223977965075121,0.011521621124915324,0.01121026185026999,0.014598725949917716,0.011063353764004481,0.8145578468538842,0.8061099023945861,0.8773896822239582,0.8104602665492572
286.jpg,Test,889.2238949391416,919.2915602565909,711.6541479820628,914.2418910494883,0.05699220177157638,0.05742290257043745,0.06736697562428637,0.05680183271326377,20.908111787315825,21.24486718011623,18.371356502242154,21.25566570813811,9.687284130331749,9.697573618413903,9.587972257230403,9.703293936826341,8.929396211394328e-05,8.834951333389596e-05,0.0001043376320960627,8.735354630927476e-05,0.009449548249199179,0.009399442182060378,0.01021457938909198,0.009346311909479309,0.8411207456152073,0.8352895247446452,0.8733758099859529,0.8361991280784343
287.jpg,Test,1901.8299967969251,1905.3979569265418,1448.6881205957718,1853.4889702185847,0.07489734298802102,0.07418278777294073,0.08691634239247725,0.07467565209812492,24.102378283151822,24.381045265338134,20.619574791800126,23.83697641215387,9.273036117044384,9.284499820198898,9.162170849929048,9.266947178901155,0.00017837150890992443,0.00016868761834794,0.0002146509319670779,0.00017289591263345877,0.013355579692021025,0.012987979763917867,0.014650970342167714,0.013148989034654291,0.5248740660167538,0.5230818020172383,0.6380933522899311,0.5360780891311062
288.jpg,Test,840.4641055413197,882.9435540630216,660.0351537475979,835.8991131935088,0.0585225906081302,0.05832392779399609,0.06673033104777273,0.059118490006113925,20.399723734785397,20.885881477608642,17.86467008327995,20.46091817651672,9.653822164509158,9.672098944135175,9.550952547895932,9.66119891585776,9.241715576742272e-05,9.085742542756244e-05,0.0001060938023244147,9.055778614000893e-05,0.009613384199511778,0.009531916146691726,0.01030018457720126,0.009516185482640034,0.8417466046703813,0.8335000644386082,0.8763217971305767,0.8423713190076717
289.jpg,Test,742.2810097693787,765.2830340445212,595.9181213965406,705.7525789780611,0.06242438077639611,0.06220687808887228,0.06989601388463157,0.06366440839995949,19.130665438821268,19.434937360493873,16.965847213324793,18.738924973355587,9.131568066736502,9.143821993399776,9.05546779738297,9.123776474130278,0.00018483090499743304,0.0001812235394726991,0.00019798895632953058,0.00018577878451222715,0.013595253031754614,0.013461929262653964,0.014070854854255679,0.0136300691308675,0.7392408459699552,0.7319104695715702,0.7907560911533864,0.7527358701683398
29.jpg,Test,152.96320467648943,144.91365199380644,128.5689061499039,159.8021476402099,0.11383013655682539,0.11865424040691294,0.1206008390977241,0.11432263116428908,9.205076873798845,8.83796175269963,8.46728859705317,9.323030827082789,8.570681502695543,8.536504269253703,8.507737843865055,8.582152809870562,0.0003124686518404241,0.00032743295442451946,0.00032772492983398584,0.00031328379316791864,0.017676782847577895,0.018095108577306725,0.018103174578895986,0.017699824664891985,0.9604045943726361,0.9624688409848188,0.9666949040768267,0.958613100728055
290.jpg,Test,1267.314942344651,1276.8499869291559,1089.1392336643178,1254.5030264031047,0.045399062601908916,0.044847157528705564,0.05108784234941933,0.0464979168942219,25.84356982703395,26.048402340686522,23.700012011531072,25.89082828932816,9.622325891405575,9.625745344742432,9.569687963942876,9.624234104894388,9.754499649580318e-05,9.720747340610035e-05,0.00010406711294861004,9.72584242161297e-05,0.009876487052378653,0.009859385041984128,0.010201328979530562,0.00986196857712139,0.70393781798626,0.7026071644021332,0.7457301211928272,0.7078402289874555
291.jpg,Test,831.8292160474056,768.8929196243641,540.1955677450353,806.7451587604819,0.06762116899812562,0.06979384968214519,0.08510568892757549,0.06777284129299255,18.126581518257527,17.556717408353276,14.350956918641895,18.064952040057115,9.057573774438495,9.03894016043595,8.882706442823448,9.06108648872163,0.00017846448734282672,0.00018273305831269538,0.0002137409857088686,0.00017854235418778206,0.01335906012198563,0.013517879209132451,0.014619883231711142,0.013361974187513687,0.6413773086747453,0.6685436448542861,0.7669730212298983,0.6521887122705718
3.jpg,Test,736.9809817424729,767.7050011059944,660.5712083600256,686.3479257576062,0.06632554288172138,0.06539941997776944,0.07309547586975262,0.06899970356776335,18.496036194746964,18.673047919724908,16.95285474055093,17.799875324257474,9.00922658422602,9.017964646814393,8.946050885111424,8.991502543936075,0.00020972467809968816,0.00021034192740446823,0.00022572057548084088,0.00021735878399997748,0.014481874122491472,0.014503169564080405,0.01502399998272234,0.014743092755591599,0.6394533322610476,0.625099638366587,0.6764345489974876,0.6648282909695591
30.jpg,Test,720.9659272901986,729.4844859136522,510.55631406149905,742.7094451929457,0.07621363911540728,0.07652965280612689,0.08543738435520477,0.07440895477698184,17.576833760409993,17.5597739749442,15.05627402306214,17.902069215146092,9.065286672596635,9.05918548388284,8.96352172834441,9.075654826809615,0.00021956556353035496,0.00022284529662281976,0.00024213307234907075,0.00021850153788206415,0.014817744886802275,0.014928003772200079,0.015560625705577227,0.014781797518639747,0.7777504796010546,0.7756417739057495,0.8424441443897372,0.7715780776935546
31.jpg,Test,255.00480461242793,251.33284401455887,202.49353379244076,300.22415491966456,0.08234721839729692,0.07932813223951302,0.08945005509463189,0.07518373101853547,12.07923606662396,12.436103681956203,10.890554932735427,13.121860483822314,8.501994679271446,8.524732959989562,8.417588034272015,8.555558398953945,0.0002642605366879302,0.0002546479026258172,0.0002851069425751861,0.0002474039914284708,0.016256092294519315,0.01595769101799559,0.01688511008478139,0.01572908107387303,0.7549226405360863,0.7584926344468748,0.8048589319652902,0.7115149189728323
32.jpg,Test,237.80369154388214,233.21784069657545,226.3321588725176,245.19190009853406,0.12223327711370141,0.1313928649419034,0.13793151999805187,0.13043208393783728,9.60826393337604,9.179432524281609,8.67228539397822,9.45203000261417,7.74787146413636,7.711553594654174,7.658999684684715,7.725484336953988,0.0008658947198535449,0.0009088900684235048,0.000943191057585686,0.0008973816553010044,0.02942608910224981,0.030147803708122832,0.030711415753522108,0.02995632913594395,0.6705421212139548,0.6775394864906549,0.6861152352655546,0.6609789631071906
33.jpg,Test,633.936298846893,724.9749441975507,569.9945547725816,688.7302781073417,0.05768065971625267,0.05454955656078464,0.06460125921489245,0.0570861905863145,18.587163677130043,19.863439843954232,17.452954836643176,19.447726678598,8.983155012869005,9.023078170548319,8.944907433050426,9.012478862754786,0.00018452712201407135,0.00017737958391604092,0.00019343581850107174,0.00017905307540259994,0.013584076045652548,0.013318392692665318,0.013908120595575512,0.013381071534170945,0.6180138816515542,0.5640340067946802,0.6571049685844546,0.5858599870420123
34.jpg,Test,283.08604260089686,265.0615536206238,291.56117873158234,320.64340726738925,0.0935448318289158,0.09363965390634928,0.08991079488315239,0.08687251191401185,11.991311659192826,11.57919925998914,12.261891415759129,12.802228076172856,8.446721582448633,8.416480854874496,8.461960935513135,8.492777175717658,0.00032994258568943673,0.0003383356190277823,0.00032014578486057706,0.00031221362397154835,0.01816432177895549,0.01839390168038805,0.01789261816673505,0.017669567735843127,0.7643661956814002,0.7793905451578212,0.757536782044946,0.733147196063295
35.jpg,Test,442.05058856502245,662.2267690884594,474.2918802049968,303.8379617526996,0.09295711514009376,0.08874768497410777,0.09337959483771409,0.09029440117250923,12.77360265855221,14.618250919986327,13.143137411915436,12.468861227854976,8.383402850282865,8.451029910295972,8.392574571925556,8.419645831703344,0.0003782905692603913,0.0003582624403931074,0.00038041063783820556,0.00036273074555837905,0.019449693294764092,0.01892782186077171,0.019504118484007564,0.019045491475894735,0.6327114315187308,0.45006973724773514,0.6053620654997348,0.7476875643353105
36.jpg,Test,1173.902466367713,1271.1769189004403,869.9310337924408,1063.6080154437047,0.07033502436114465,0.06871795970946185,0.07788675149372418,0.07325833833489062,21.7014734144779,22.84274769249331,18.95153347213325,20.78901646926341,9.438765388315055,9.482472386341799,9.369354770029796,9.425189111641924,0.00011294134329237937,0.00010799974458763303,0.00012144686605739843,0.00011472808211206341,0.010627386475158386,0.010392292556872762,0.01102029337437976,0.010711119554559338,0.723354868947586,0.6988465486702842,0.7940294022064033,0.7480259066639205
37.jpg,Test,195.32108824471493,198.9447203844839,158.3166039397822,201.81121679502903,0.10657073527275011,0.10913932677905082,0.11365517049064994,0.10819484557407429,9.87638132607303,9.850831506766678,9.04033872517617,9.89724305737095,8.099647608299549,8.098348502482894,8.046659859301373,8.101233659453959,0.0006280404588789607,0.0006369585187955119,0.0006523489086999496,0.0006318707164797246,0.02506073540179858,0.025238037142288065,0.025541121915451357,0.025137038737284165,0.9283987041065043,0.9272799794551408,0.9419277235146606,0.9262318015774775
38.jpg,Test,196.24789798206277,203.24655633533752,142.87694186418963,168.93963280982928,0.09816248163301,0.09494579570307128,0.1145993601843179,0.10132665836796714,10.399163196668802,10.648514951034608,8.856282030749519,9.857929980494278,7.724669786688441,7.7336680051936915,7.638833069277537,7.699000020367914,0.0007114567412646954,0.0007027669489637678,0.0007797455929248774,0.0007264671630575752,0.02667314644478029,0.02650975195968019,0.027923925098826585,0.02695305480010708,0.7903070915802204,0.7834590316144928,0.8472059869309477,0.8200101444538904
39.jpg,Test,961.930693465727,946.5577228578898,938.8412876361306,1105.7466468257958,0.0997396792294013,0.10225617833082039,0.10790995485796272,0.10059995511851869,19.03883728379244,19.10106778740775,18.166279628443306,20.191578354682377,9.119637813404536,9.125204059223217,9.076214072394047,9.14117155673772,0.0003231753989274931,0.00032881064815285253,0.0003393095616506773,0.00032405806981733774,0.017977079822025965,0.018133136743345112,0.01842035726175465,0.018001612978212195,0.8404657418368467,0.8430152224516803,0.8441345061758301,0.816615300096952
4.jpg,Test,276.6327674567585,262.60562247380807,162.69758968609864,279.53228498461664,0.0850022921795084,0.08785532979068969,0.10015417983349278,0.08082827003388787,12.317825112107624,11.872931287578679,9.745956117873158,12.50483621227051,8.146680839256355,8.12705150258722,8.007134397935106,8.15633271849137,0.00048453926884479184,0.0004957382395114854,0.0005449131310196161,0.00047729101349455234,0.02201225269809503,0.0222651799793194,0.023343374456569387,0.021846990948287417,0.6530049767975693,0.6714144757561478,0.7957030682954402,0.6502339135335102
40.jpg,Test,1456.455076873799,1720.9201673068026,1047.446048206278,1519.044119125661,0.06766691322305718,0.06226300120952845,0.07377329117606442,0.06476377025925428,23.250640614990395,26.108849966820166,20.306914638052525,24.357759054073078,9.409690590830674,9.50021668680308,9.355746429034141,9.459901210536833,0.00012967966544487453,0.00011744606520422392,0.00013580181432855875,0.00012185108622846708,0.011387697987076867,0.010837253582168497,0.011653403551261697,0.01103861794920302,0.5329093322649846,0.44751094398818597,0.663881391075648,0.512323686538541
41.jpg,Test,223.44082319026265,202.27432685153528,157.0540118513773,241.61996018419833,0.09945065826020226,0.10568092163048357,0.11320276820822917,0.0968819573716787,10.801289237668161,10.173339500090492,9.215046444586804,11.16509481389129,8.405339177643794,8.357114616521255,8.303729160096657,8.426063493204037,0.0004364225290487709,0.0004609147761567085,0.0004781782615731346,0.0004303905906767884,0.020890728303454884,0.021468925826801592,0.021867287476345452,0.020745857193106974,0.9443145160187612,0.9497274900556957,0.9608359882460622,0.9399486832675342
42.jpg,Test,8194.159553171045,8909.97154577812,4893.188741191543,8898.41826700718,0.05772208341965476,0.05543122341653724,0.0975432058933578,0.05378164653714472,63.8478139013453,67.0134328058075,43.68745996156309,66.90880572704057,9.650106412360548,9.659977072939371,9.437915973952995,9.658876197315003,0.00118813071599344,0.0011469338703666248,0.0030135402199436257,0.0009400270789240558,0.034469272054881574,0.03386641212715963,0.05489572132638049,0.030659861038890176,0.3177887276170456,0.25797016459395317,0.5921821304072054,0.25892970875974397
43.jpg,Test,309.1281229980782,289.6648434515072,274.50814782190895,322.9944700275493,0.08265554371560366,0.08554560983777924,0.08551868316224095,0.08027141227997979,12.99367392696989,12.562991413460958,12.35119714926329,13.401194474049346,8.541018647888674,8.519381917766776,8.505543300114706,8.564380839207498,0.00034572948198111325,0.0003529392938595656,0.00035283491786964927,0.000335880477415932,0.01859380224647754,0.018786678627675666,0.01878390049669262,0.018327042244070155,0.8149029106013136,0.8269800857274855,0.8355652648966502,0.8070709585792306
44.jpg,Test,344.5630605381167,312.73574775282026,251.08454115951315,371.2698224376118,0.08132951638504035,0.08593476474722392,0.09227881941465933,0.07441890410129659,13.49603619474696,12.808260773391783,11.448170243433696,14.189487019646482,8.449519215787017,8.414130665327235,8.329879785426634,8.481920761214706,0.0003245640638844169,0.0003378831273101408,0.00036733895224873926,0.0003114319738462569,0.018015661627717616,0.018381597517901995,0.019166088600670175,0.01764743533339213,0.671338668492676,0.7022852190177825,0.7606675997292917,0.6465613485866389
45.jpg,Test,282.452414317745,293.0793701864103,279.8711362908392,335.9576303565324,0.09652763641076478,0.10261379061926998,0.10549638344981788,0.0934950662942858,11.157371076233183,10.843572161113233,10.638112588084564,11.944599730539524,8.291728322459448,8.266633298146989,8.25364908901388,8.32887886283687,0.0005037024444812312,0.0005247252067030994,0.0005245528580595606,0.000491965857711773,0.022443316254092915,0.02290688120856044,0.022903118959206423,0.022180303372852525,0.9027234648598429,0.8993080050530763,0.9035591982990623,0.8845760632814044
46.jpg,Test,906.5948910954515,965.0399364555893,819.1768297565662,721.4399646081763,0.05369961354370456,0.05562816866120542,0.0608341603977845,0.058170306609646005,20.751521460602177,21.1624002091335,19.165578955797564,19.503468800900883,9.01197347238312,9.019543708651451,8.96337804905927,8.992169624907564,0.00020430567861482704,0.00020328503802965022,0.00021413854866334718,0.00020945635380157726,0.014293553743377714,0.014257806213778128,0.014633473567931408,0.014472607014687342,0.6269961299478909,0.6038962519234083,0.6625513826210545,0.7038816011726952
47.jpg,Test,104.46672805893657,100.62317762271512,75.09232863549006,100.43982384524122,0.13094717735119984,0.1339105688311337,0.15080297474212248,0.1341012718563913,7.666039397821909,7.497878501478011,6.501601537475977,7.504755776307587,7.312772583824499,7.297088112208224,7.192405483222144,7.299193445774647,0.0009778597896004508,0.0009952051886998005,0.001105299756888971,0.0009984731170430714,0.03127074974477668,0.031546872883057686,0.03324604874100035,0.03159862523976433,0.6197632574745935,0.6334716987730369,0.7260709228831865,0.6341282391133649
48.jpg,Test,210.41780108904544,205.0993987411772,189.6884208840487,214.5350801343281,0.09860481579351119,0.10411340458693269,0.10099903460072873,0.10159559106465818,10.495315502882766,10.238613283999275,10.184657270980141,10.545496591526074,8.775539714337256,8.762460540697347,8.763245989122805,8.786095411930154,0.00023550575400558781,0.0002410264461873774,0.0002356802889518332,0.0002360569225377298,0.015346196727710348,0.015525026447236004,0.015351882260877107,0.015364144054835265,0.9370495595257666,0.938596269617837,0.9431516042101601,0.9357705940574417
49.jpg,Test,161.0341928251121,153.64996279836717,162.5879043882127,190.12749100122667,0.10229765000897273,0.10311579201420903,0.10167990667555626,0.09444666836355742,9.69799007046765,9.490820245731868,9.773362427930815,10.547125419775185,7.694191517893392,7.680186355070007,7.696977166829744,7.738962954680514,0.0006799156113635907,0.0006891774378744734,0.0006755644611652298,0.0006501976419729776,0.026075191492366662,0.026252189201559428,0.02599162290364397,0.025498973351352358,0.5792144508377487,0.5989144473908377,0.5745199358775718,0.5037000390186783
5.jpg,Test,332.147301409353,340.11208751432775,253.14938340807177,305.364535783949,0.07962148593844907,0.08072377200800497,0.08863185587667634,0.07999481325050178,13.274423446508647,13.289629793480666,11.824631646380528,12.984113897323494,8.469521512673538,8.467328893571088,8.394171093671254,8.457163303085768,0.0002929998897596401,0.00029456563824051203,0.0003170077627501261,0.00029694900390966227,0.01711723954846809,0.017162914619624256,0.017804711813172548,0.017232208329452794,0.608745986781216,0.5983831401523524,0.7034309668656605,0.6395018536926531
50.jpg,Test,180.57577274183214,175.0732570532285,145.10814381806534,165.6521747873474,0.10272590843164892,0.10645035418181906,0.11764829361132852,0.1080904343131802,9.96991111467008,9.762150857648454,8.827994875080076,9.512417301775624,8.034723474007947,8.018067215655241,7.946263690216492,7.997922848525997,0.00045087686805855067,0.0004607857816456025,0.0005024608617867003,0.0004695092881913406,0.021233861355357642,0.021465921402204064,0.022415638777128353,0.021668163009155635,0.6959794228210134,0.7043837479711215,0.7560502662705979,0.7203051341029058
51.jpg,Test,307.90508888533,350.6654869392105,263.53849695707873,259.75963723380727,0.07805380959610296,0.0777861871804795,0.09271888642480122,0.08905505757891159,13.1700232222934,13.76999336403306,11.712784272901983,11.760441593436427,8.330550293706722,8.355343909124175,8.249594917134736,8.251851681714887,0.000336709371682273,0.0003321149699318587,0.0003739406213693524,0.0003723828912726282,0.018349642276684116,0.018224021782577485,0.019337544346926586,0.019297224962999945,0.6251144857869757,0.5724978191688411,0.6809978386023677,0.6833154506574143
52.jpg,Test,247.07172885970536,232.4788956142291,143.88242713004485,233.4986024251443,0.10638929561656808,0.11179454062539572,0.12416214771250447,0.10766673102182664,10.546905028827677,10.052102394980796,8.509228859705317,10.367954312373062,8.155814953452424,8.127017058154134,8.032569000353151,8.147005483985735,0.0006263862843884264,0.0006497344344103694,0.0006952640662518401,0.0006356695846132219,0.025027710330520175,0.025489888866183183,0.026367860479224327,0.02521248866362109,0.9411359831866041,0.944761456307995,0.9656996917472392,0.9445192555184315
53.jpg,Test,1984.9709721332483,2591.3117496832833,1718.2064982383085,1914.6916085181688,0.07414057579960226,0.07488255078374133,0.08780589183420479,0.07646788054069648,24.97861947469571,27.833577992720546,22.211222773862907,24.951778640230053,9.268553069938744,9.27120747913333,9.143932596891577,9.281307994338608,0.00015523230295959203,0.00016147019348437878,0.00018457020469311012,0.00017811129416007347,0.012459225616369262,0.012707092251352345,0.013585661731881525,0.013345834337353115,0.4494517673463479,0.2798108340921702,0.5225246560851619,0.4679039202203998
54.jpg,Test,325.93087363869313,269.64688612278553,280.53281149903904,325.6552916809105,0.08307327670864662,0.09095978161315274,0.08724641820200058,0.0825533076399676,12.803151024983984,11.770315107884734,12.07421124279308,13.002071226045164,8.241916749309242,8.196816632230567,8.21393717919596,8.25574389377893,0.00046134575868041514,0.00048439056406348203,0.00047026267093411593,0.00045634760215768923,0.021478960838001805,0.022008874665995125,0.021685540595846715,0.02136229393482098,0.7376991191624062,0.7836595077834743,0.7740819083556605,0.7387233364946026
55.jpg,Test,374.9435257847533,337.7332140199883,239.4623438500961,359.68376601178386,0.06937445263189045,0.07534239409811505,0.08383520604140268,0.07125333184089482,14.879504324151185,13.970862072432585,11.966347693786034,14.55878863439844,8.334532872891888,8.310996319957711,8.230562324441648,8.329604916612597,0.00038407827632400273,0.00039462473952222275,0.00042376103064066425,0.0003866830852875302,0.019597915101459203,0.019865163969175356,0.020585456775128023,0.01966425908310634,0.612116495056465,0.6514449942239207,0.7520432492081606,0.6287912403361503
6.jpg,Test,561.0269058295963,436.5110297814153,453.13092568866114,610.0771984154114,0.09782739332836676,0.10279661575150129,0.10430736120302343,0.0939239139528577,13.980060858424086,12.954473244987831,12.724455477258166,14.753302901727363,8.488836624437484,8.456502473016052,8.430142826410137,8.533850269544622,0.00035409974517240574,0.00036730014360069306,0.0003774874279692874,0.0003391227281684341,0.018817538233584268,0.019165076143879342,0.019429035693242405,0.018415285177494106,0.5999818508571143,0.6890360161624594,0.6775354446589512,0.5654133472258697
7.jpg,Test,223.85237828315184,232.41541153049525,169.93645900064058,233.84351183414105,0.18909343529666292,0.1994927963269354,0.20483657274978503,0.19169955421906706,7.89241672005125,7.687144322226468,6.943585842408712,8.083934927305998,8.348545396131911,8.304269588769738,8.253010743129668,8.360724843552603,0.0017098994310643279,0.0017439815278630806,0.0018012459321614992,0.001722141422706853,0.04135093023215231,0.04176100487132799,0.04244108778249562,0.04149869181922308,0.9794519114629886,0.9786610065288561,0.9844373804485027,0.9785299025354343
8.jpg,Test,207.3738188661115,195.03072653783505,171.19825032030752,238.940396951477,0.10832414833057208,0.1010846241704373,0.10410492570917279,0.09893222072715865,10.1005965727098,10.358844939572483,9.72779868673927,10.956966759838322,7.911596978848216,7.938182758629211,7.889157165881868,7.962860491428463,0.000679872528684552,0.0006515385378940671,0.0006665890366218579,0.0006438692278701265,0.026074365355355286,0.025525252944761725,0.025818385631597066,0.02537457837817461,0.763512092591614,0.7780220069907072,0.8045017785500385,0.7280409530565091
9.jpg,Test,289.80271060217814,270.01751493092564,200.94156390134526,243.74644573588847,0.0881808348351701,0.08787066788307374,0.1025276880927614,0.09388303116992877,12.110125720691867,11.968931609322528,10.05275064061499,11.063785718594783,7.883246799697892,7.88372049851513,7.792198181506309,7.84710547716157,0.0006385586441010277,0.0006401872231024902,0.0006945058111007581,0.0006611201207801407,0.025269717926819597,0.025301921332232663,0.026353478159452843,0.02571225623666933,0.6184956547063363,0.6455023710068845,0.7352820370206655,0.6799848567094265
